0, 7
1, 8
2, 8
3, 7
4, 7
5, 8
6, 8
7, 8
8, 8
9, 7
10, 7
11, 7
12, 7
13, 7
14, 7
15, 7
16, 7
17, 9
18, 9
19, 9
20, 9
21, 9
22, 9
23, 9
24, 9
25, 9
26, 11
27, 11
28, 11
29, 11
30, 11
31, 12
32, 12
33, 12
34, 12
35, 13
36, 13
37, 12
38, 12
39, 12
40, 13
41, 13
42, 12
43, 13
44, 13
45, 13
46, 13
47, 13
48, 13
49, 12
50, 12
51, 13
52, 13
53, 13
54, 14
55, 14
56, 14
57, 14
58, 14
59, 14
60, 14
61, 14
62, 13
63, 13
64, 13
65, 13
66, 12
67, 12
68, 12
69, 12
70, 12
71, 12
72, 12
73, 12
74, 12
75, 11
76, 11
77, 11
78, 12
79, 13
80, 13
81, 13
82, 13
83, 13
84, 13
85, 13
86, 14
87, 14
88, 14
89, 14
90, 14
91, 14
92, 14
93, 14
94, 14
95, 14
96, 14
97, 14
98, 14
99, 15
100, 16
101, 16
102, 16
103, 16
104, 16
105, 15
106, 16
107, 16
108, 16
109, 16
110, 17
111, 17
112, 16
113, 16
114, 16
115, 17
116, 16
117, 16
118, 17
119, 17
120, 18
121, 18
122, 18
123, 18
124, 18
125, 18
126, 18
127, 18
128, 18
129, 18
130, 18
131, 18
132, 18
133, 18
134, 18
135, 18
136, 18
137, 19
138, 19
139, 18
140, 18
141, 19
142, 19
143, 19
144, 19
145, 19
146, 18
147, 17
148, 17
149, 17
150, 18
151, 18
152, 17
153, 18
154, 18
155, 18
156, 18
157, 18
158, 18
159, 19
160, 19
161, 19
162, 20
163, 20
164, 22
165, 22
166, 23
167, 23
168, 23
169, 22
170, 23
171, 23
172, 24
173, 24
174, 24
175, 24
176, 24
177, 24
178, 23
179, 23
180, 23
181, 23
182, 23
183, 23
184, 23
185, 22
186, 22
187, 22
188, 23
189, 24
190, 24
191, 24
192, 23
193, 23
194, 22
195, 24
196, 24
197, 24
198, 24
199, 24
200, 23
201, 24
202, 23
203, 22
204, 22
205, 23
206, 24
207, 24
208, 25
209, 24
210, 24
211, 23
212, 24
213, 24
214, 25
215, 25
216, 24
217, 24
218, 24
219, 24
220, 25
221, 25
222, 26
223, 26
224, 25
225, 26
226, 26
227, 26
228, 26
229, 25
230, 25
231, 24
232, 23
233, 23
234, 23
235, 23
236, 23
237, 23
238, 23
239, 23
240, 23
241, 23
242, 23
243, 23
244, 24
245, 24
246, 25
247, 25
248, 24
249, 26
250, 26
251, 26
252, 25
253, 25
254, 24
255, 24
256, 23
257, 23
258, 24
259, 24
260, 24
261, 26
262, 26
263, 26
264, 26
265, 26
266, 26
267, 26
268, 25
269, 25
270, 26
271, 26
272, 26
273, 25
274, 24
275, 23
276, 23
277, 23
278, 23
279, 23
280, 24
281, 24
282, 24
283, 24
284, 23
285, 22
286, 23
287, 23
288, 23
289, 23
290, 23
291, 23
292, 23
293, 24
294, 25
295, 25
296, 24
297, 25
298, 24
299, 23
300, 22
301, 23
302, 23
303, 23
304, 23
305, 24
306, 25
307, 25
308, 25
309, 25
310, 24
311, 26
312, 26
313, 26
314, 26
315, 25
316, 25
317, 25
318, 25
319, 25
320, 26
321, 26
322, 26
323, 27
324, 26
325, 27
326, 26
327, 26
328, 27
329, 27
330, 26
331, 26
332, 26
333, 25
334, 25
335, 26
336, 27
337, 28
338, 27
339, 29
340, 28
341, 28
342, 28
343, 28
344, 28
345, 28
346, 28
347, 28
348, 28
349, 28
350, 27
351, 28
352, 28
353, 29
354, 29
355, 29
356, 29
357, 29
358, 29
359, 30
360, 30
361, 31
362, 31
363, 32
364, 31
365, 31
366, 30
367, 29
368, 28
369, 27
370, 29
371, 29
372, 30
373, 30
374, 31
375, 31
376, 32
377, 32
378, 32
379, 33
380, 33
381, 34
382, 34
383, 33
384, 34
385, 35
386, 34
387, 33
388, 33
389, 32
390, 31
391, 32
392, 32
393, 33
394, 33
395, 33
396, 34
397, 33
398, 33
399, 32
400, 32
401, 31
402, 31
403, 31
404, 31
405, 30
406, 30
407, 30
408, 30
409, 29
410, 30
411, 30
412, 31
413, 31
414, 31
415, 30
416, 30
417, 30
418, 30
419, 31
420, 31
421, 32
422, 32
423, 33
424, 33
425, 34
426, 34
427, 34
428, 33
429, 32
430, 32
431, 33
432, 34
433, 34
434, 34
435, 33
436, 32
437, 32
438, 32
439, 32
440, 33
441, 33
442, 33
443, 32
444, 32
445, 33
446, 34
447, 34
448, 35
449, 35
450, 36
451, 36
452, 36
453, 36
454, 36
455, 36
456, 36
457, 37
458, 37
459, 37
460, 37
461, 38
462, 38
463, 38
464, 39
465, 39
466, 39
467, 39
468, 39
469, 39
470, 39
471, 39
472, 38
473, 38
474, 38
475, 37
476, 37
477, 37
478, 37
479, 37
480, 36
481, 36
482, 36
483, 37
484, 37
485, 37
486, 37
487, 37
488, 37
489, 37
490, 36
491, 35
492, 35
493, 35
494, 36
495, 36
496, 35
497, 35
498, 35
499, 35
500, 35
501, 36
502, 36
503, 36
504, 36
505, 35
506, 35
507, 35
508, 35
509, 35
510, 35
511, 35
512, 36
513, 36
514, 36
515, 36
516, 36
517, 36
518, 37
519, 37
520, 37
521, 37
522, 38
523, 38
524, 38
525, 38
526, 38
527, 39
528, 39
529, 39
530, 40
531, 40
532, 40
533, 40
534, 39
535, 38
536, 37
537, 37
538, 37
539, 37
540, 36
541, 36
542, 36
543, 36
544, 35
545, 35
546, 35
547, 35
548, 35
549, 35
550, 35
551, 36
552, 36
553, 35
554, 35
555, 35
556, 36
557, 36
558, 36
559, 36
560, 36
561, 36
562, 36
563, 36
564, 36
565, 36
566, 36
567, 36
568, 37
569, 38
570, 38
571, 37
572, 37
573, 37
574, 37
575, 36
576, 36
577, 36
578, 36
579, 36
580, 36
581, 36
582, 35
583, 36
584, 36
585, 36
586, 36
587, 37
588, 37
589, 37
590, 38
591, 39
592, 39
593, 39
594, 39
595, 38
596, 37
597, 37
598, 37
599, 36
600, 36
601, 37
602, 37
603, 37
604, 36
605, 38
606, 38
607, 38
608, 37
609, 37
610, 38
611, 38
612, 37
613, 37
614, 37
615, 37
616, 37
617, 37
618, 38
619, 39
620, 38
621, 38
622, 39
623, 39
624, 39
625, 39
626, 39
627, 39
628, 39
629, 39
630, 39
631, 38
632, 38
633, 38
634, 38
635, 38
636, 37
637, 37
638, 38
639, 38
640, 38
641, 38
642, 38
643, 38
644, 38
645, 38
646, 38
647, 38
648, 38
649, 38
650, 38
651, 39
652, 38
653, 38
654, 37
655, 36
656, 37
657, 37
658, 37
659, 36
660, 35
661, 35
662, 36
663, 37
664, 37
665, 37
666, 37
667, 37
668, 37
669, 37
670, 37
671, 37
672, 37
673, 37
674, 37
675, 37
676, 38
677, 37
678, 37
679, 37
680, 37
681, 38
682, 37
683, 37
684, 37
685, 37
686, 36
687, 36
688, 36
689, 36
690, 36
691, 36
692, 35
693, 35
694, 34
695, 34
696, 34
697, 33
698, 33
699, 33
700, 32
701, 32
702, 32
703, 32
704, 31
705, 32
706, 33
707, 33
708, 33
709, 33
710, 33
711, 32
712, 32
713, 32
714, 32
715, 32
716, 32
717, 32
718, 32
719, 32
720, 32
721, 32
722, 31
723, 31
724, 32
725, 32
726, 32
727, 31
728, 31
729, 31
730, 30
731, 30
732, 30
733, 29
734, 28
735, 28
736, 27
737, 27
738, 27
739, 27
740, 27
741, 27
742, 27
743, 28
744, 27
745, 27
746, 28
747, 28
748, 28
749, 27
750, 29
751, 28
752, 29
753, 28
754, 28
755, 28
756, 29
757, 29
758, 31
759, 31
760, 31
761, 31
762, 30
763, 30
764, 30
765, 30
766, 30
767, 29
768, 28
769, 28
770, 29
771, 30
772, 30
773, 30
774, 30
775, 30
776, 31
777, 31
778, 31
779, 32
780, 33
781, 33
782, 33
783, 33
784, 34
785, 34
786, 34
787, 33
788, 33
789, 33
790, 32
791, 31
792, 31
793, 32
794, 32
795, 32
796, 32
797, 32
798, 33
799, 33
800, 33
801, 33
802, 33
803, 33
804, 33
805, 34
806, 34
807, 33
808, 34
809, 35
810, 34
811, 35
812, 35
813, 35
814, 35
815, 35
816, 35
817, 34
818, 34
819, 34
820, 35
821, 35
822, 34
823, 33
824, 33
825, 32
826, 34
827, 34
828, 34
829, 35
830, 35
831, 34
832, 34
833, 34
834, 34
835, 34
836, 34
837, 34
838, 34
839, 34
840, 35
841, 35
842, 35
843, 35
844, 34
845, 34
846, 33
847, 33
848, 33
849, 32
850, 33
851, 34
852, 34
853, 35
854, 35
855, 35
856, 35
857, 34
858, 34
859, 35
860, 34
861, 34
862, 34
863, 34
864, 34
865, 34
866, 34
867, 35
868, 34
869, 34
870, 34
871, 34
872, 34
873, 34
874, 35
875, 34
876, 33
877, 32
878, 32
879, 32
880, 31
881, 31
882, 30
883, 29
884, 29
885, 28
886, 28
887, 29
888, 28
889, 28
890, 29
891, 28
892, 28
893, 28
894, 28
895, 28
896, 27
897, 28
898, 28
899, 28
900, 29
901, 29
902, 28
903, 29
904, 28
905, 28
906, 28
907, 27
908, 26
909, 26
910, 26
911, 25
912, 25
913, 25
914, 25
915, 25
916, 25
917, 25
918, 26
919, 26
920, 26
921, 27
922, 27
923, 27
924, 27
925, 27
926, 26
927, 26
928, 27
929, 28
930, 28
931, 28
932, 28
933, 28
934, 28
935, 28
936, 30
937, 31
938, 31
939, 30
940, 30
941, 31
942, 30
943, 30
944, 29
945, 29
946, 29
947, 28
948, 28
949, 28
950, 28
951, 28
952, 27
953, 26
954, 27
955, 28
956, 30
957, 29
958, 29
959, 29
960, 29
961, 29
962, 30
963, 30
964, 31
965, 31
966, 30
967, 30
968, 31
969, 31
970, 32
971, 31
972, 31
973, 30
974, 31
975, 32
976, 32
977, 32
978, 33
979, 33
980, 33
981, 33
982, 32
983, 31
984, 31
985, 32
986, 32
987, 32
988, 32
989, 32
990, 32
991, 33
992, 33
993, 33
994, 33
995, 33
996, 33
997, 32
998, 31
999, 31
1000, 31
1001, 31
1002, 31
1003, 32
1004, 31
1005, 30
1006, 30
1007, 31
1008, 31
1009, 31
1010, 31
1011, 31
1012, 32
1013, 31
1014, 30
1015, 31
1016, 30
1017, 30
1018, 32
1019, 33
1020, 33
1021, 32
1022, 32
1023, 32
1024, 32
1025, 31
1026, 30
1027, 30
1028, 29
1029, 29
1030, 28
1031, 28
1032, 30
1033, 30
1034, 31
1035, 31
1036, 30
1037, 30
1038, 30
1039, 30
1040, 30
1041, 31
1042, 32
1043, 32
1044, 32
1045, 33
1046, 33
1047, 33
1048, 34
1049, 34
1050, 34
1051, 34
1052, 33
1053, 32
1054, 32
1055, 33
1056, 33
1057, 34
1058, 33
1059, 33
1060, 32
1061, 33
1062, 33
1063, 33
1064, 33
1065, 33
1066, 33
1067, 34
1068, 34
1069, 33
1070, 32
1071, 32
1072, 31
1073, 32
1074, 32
1075, 31
1076, 32
1077, 31
1078, 30
1079, 30
1080, 31
1081, 32
1082, 32
1083, 32
1084, 31
1085, 31
1086, 31
1087, 33
1088, 32
1089, 32
1090, 34
1091, 34
1092, 35
1093, 36
1094, 36
1095, 36
1096, 37
1097, 36
1098, 36
1099, 36
1100, 36
1101, 37
1102, 37
1103, 37
1104, 37
1105, 37
1106, 37
1107, 37
1108, 37
1109, 37
1110, 37
1111, 36
1112, 36
1113, 35
1114, 35
1115, 35
1116, 34
1117, 34
1118, 34
1119, 34
1120, 35
1121, 35
1122, 36
1123, 37
1124, 37
1125, 37
1126, 36
1127, 35
1128, 35
1129, 35
1130, 35
1131, 34
1132, 34
1133, 34
1134, 34
1135, 35
1136, 36
1137, 35
1138, 36
1139, 36
1140, 36
1141, 36
1142, 36
1143, 35
1144, 35
1145, 34
1146, 34
1147, 34
1148, 36
1149, 36
1150, 36
1151, 36
1152, 36
1153, 36
1154, 35
1155, 35
1156, 35
1157, 35
1158, 35
1159, 34
1160, 34
1161, 34
1162, 33
1163, 33
1164, 33
1165, 35
1166, 35
1167, 36
1168, 36
1169, 35
1170, 36
1171, 36
1172, 36
1173, 36
1174, 35
1175, 36
1176, 35
1177, 36
1178, 35
1179, 35
1180, 34
1181, 33
1182, 32
1183, 32
1184, 31
1185, 30
1186, 30
1187, 29
1188, 29
1189, 29
1190, 29
1191, 28
1192, 28
1193, 30
1194, 31
1195, 31
1196, 32
1197, 32
1198, 32
1199, 33
1200, 34
1201, 33
1202, 35
1203, 35
1204, 35
1205, 35
1206, 35
1207, 35
1208, 35
1209, 35
1210, 34
1211, 34
1212, 34
1213, 35
1214, 35
1215, 35
1216, 34
1217, 34
1218, 34
1219, 34
1220, 34
1221, 33
1222, 32
1223, 31
1224, 32
1225, 32
1226, 32
1227, 32
1228, 32
1229, 32
1230, 31
1231, 30
1232, 31
1233, 30
1234, 31
1235, 31
1236, 30
1237, 30
1238, 31
1239, 31
1240, 32
1241, 32
1242, 32
1243, 32
1244, 31
1245, 31
1246, 32
1247, 32
1248, 32
1249, 32
1250, 32
1251, 32
1252, 32
1253, 33
1254, 33
1255, 34
1256, 34
1257, 35
1258, 35
1259, 35
1260, 35
1261, 35
1262, 35
1263, 35
1264, 35
1265, 35
1266, 35
1267, 35
1268, 36
1269, 36
1270, 36
1271, 36
1272, 36
1273, 35
1274, 35
1275, 35
1276, 35
1277, 35
1278, 35
1279, 35
1280, 35
1281, 35
1282, 34
1283, 33
1284, 32
1285, 31
1286, 30
1287, 30
1288, 30
1289, 31
1290, 31
1291, 31
1292, 31
1293, 31
1294, 31
1295, 31
1296, 30
1297, 30
1298, 30
1299, 29
1300, 29
1301, 29
1302, 29
1303, 29
1304, 29
1305, 29
1306, 29
1307, 29
1308, 28
1309, 29
1310, 29
1311, 29
1312, 30
1313, 30
1314, 30
1315, 29
1316, 29
1317, 30
1318, 30
1319, 30
1320, 29
1321, 29
1322, 30
1323, 31
1324, 31
1325, 31
1326, 32
1327, 32
1328, 32
1329, 33
1330, 33
1331, 32
1332, 32
1333, 31
1334, 31
1335, 31
1336, 30
1337, 30
1338, 31
1339, 31
1340, 31
1341, 30
1342, 30
1343, 30
1344, 30
1345, 30
1346, 30
1347, 29
1348, 29
1349, 29
1350, 29
1351, 29
1352, 30
1353, 30
1354, 29
1355, 29
1356, 29
1357, 29
1358, 31
1359, 31
1360, 32
1361, 34
1362, 34
1363, 34
1364, 34
1365, 34
1366, 33
1367, 33
1368, 33
1369, 33
1370, 34
1371, 35
1372, 35
1373, 35
1374, 35
1375, 35
1376, 35
1377, 35
1378, 35
1379, 35
1380, 34
1381, 34
1382, 33
1383, 32
1384, 33
1385, 33
1386, 33
1387, 34
1388, 34
1389, 33
1390, 32
1391, 31
1392, 30
1393, 31
1394, 31
1395, 31
1396, 31
1397, 33
1398, 32
1399, 33
1400, 33
1401, 32
1402, 32
1403, 33
1404, 32
1405, 32
1406, 33
1407, 32
1408, 32
1409, 31
1410, 31
1411, 32
1412, 31
1413, 30
1414, 29
1415, 28
1416, 28
1417, 28
1418, 29
1419, 30
1420, 30
1421, 30
1422, 29
1423, 29
1424, 28
1425, 27
1426, 26
1427, 25
1428, 25
1429, 24
1430, 24
1431, 25
1432, 25
1433, 25
1434, 26
1435, 26
1436, 25
1437, 24
1438, 25
1439, 25
1440, 25
1441, 25
1442, 24
1443, 26
1444, 26
1445, 26
1446, 26
1447, 26
1448, 26
1449, 26
1450, 25
1451, 25
1452, 24
1453, 26
1454, 27
1455, 28
1456, 28
1457, 28
1458, 28
1459, 29
1460, 29
1461, 29
1462, 28
1463, 28
1464, 28
1465, 28
1466, 28
1467, 28
1468, 28
1469, 28
1470, 27
1471, 27
1472, 27
1473, 27
1474, 27
1475, 26
1476, 26
1477, 26
1478, 26
1479, 26
1480, 25
1481, 26
1482, 26
1483, 26
1484, 26
1485, 26
1486, 26
1487, 26
1488, 26
1489, 26
1490, 26
1491, 27
1492, 27
1493, 26
1494, 27
1495, 26
1496, 27
1497, 26
1498, 26
1499, 26
1500, 26
1501, 26
1502, 26
1503, 27
1504, 28
1505, 28
1506, 28
1507, 28
1508, 27
1509, 26
1510, 26
1511, 26
1512, 27
1513, 27
1514, 26
1515, 26
1516, 27
1517, 26
1518, 26
1519, 26
1520, 26
1521, 26
1522, 25
1523, 24
1524, 24
1525, 25
1526, 25
1527, 24
1528, 25
1529, 25
1530, 25
1531, 26
1532, 26
1533, 26
1534, 25
1535, 26
1536, 26
1537, 26
1538, 26
1539, 26
1540, 27
1541, 27
1542, 27
1543, 27
1544, 27
1545, 26
1546, 27
1547, 27
1548, 28
1549, 28
1550, 28
1551, 28
1552, 27
1553, 26
1554, 26
1555, 25
1556, 24
1557, 24
1558, 24
1559, 24
1560, 25
1561, 25
1562, 25
1563, 25
1564, 25
1565, 25
1566, 24
1567, 25
1568, 25
1569, 27
1570, 28
1571, 27
1572, 27
1573, 28
1574, 28
1575, 28
1576, 28
1577, 29
1578, 29
1579, 29
1580, 29
1581, 31
1582, 30
1583, 29
1584, 30
1585, 29
1586, 29
1587, 29
1588, 29
1589, 30
1590, 29
1591, 29
1592, 30
1593, 30
1594, 31
1595, 30
1596, 30
1597, 30
1598, 29
1599, 30
1600, 30
1601, 30
1602, 30
1603, 29
1604, 29
1605, 28
1606, 29
1607, 29
1608, 29
1609, 28
1610, 27
1611, 28
1612, 29
1613, 29
1614, 29
1615, 29
1616, 29
1617, 30
1618, 30
1619, 30
1620, 30
1621, 30
1622, 31
1623, 31
1624, 31
1625, 32
1626, 32
1627, 32
1628, 32
1629, 32
1630, 32
1631, 32
1632, 33
1633, 33
1634, 33
1635, 33
1636, 33
1637, 33
1638, 32
1639, 32
1640, 33
1641, 33
1642, 35
1643, 34
1644, 33
1645, 33
1646, 32
1647, 32
1648, 33
1649, 35
1650, 36
1651, 36
1652, 37
1653, 36
1654, 36
1655, 36
1656, 37
1657, 37
1658, 36
1659, 37
1660, 37
1661, 37
1662, 37
1663, 37
1664, 36
1665, 36
1666, 36
1667, 36
1668, 35
1669, 34
1670, 33
1671, 33
1672, 33
1673, 34
1674, 34
1675, 35
1676, 36
1677, 36
1678, 36
1679, 36
1680, 36
1681, 37
1682, 37
1683, 37
1684, 36
1685, 36
1686, 36
1687, 36
1688, 36
1689, 36
1690, 36
1691, 35
1692, 35
1693, 35
1694, 35
1695, 34
1696, 34
1697, 33
1698, 32
1699, 33
1700, 33
1701, 33
1702, 33
1703, 33
1704, 33
1705, 33
1706, 33
1707, 33
1708, 34
1709, 33
1710, 33
1711, 33
1712, 33
1713, 33
1714, 33
1715, 33
1716, 33
1717, 33
1718, 32
1719, 32
1720, 31
1721, 32
1722, 32
1723, 32
1724, 32
1725, 32
1726, 32
1727, 32
1728, 32
1729, 33
1730, 33
1731, 33
1732, 32
1733, 32
1734, 32
1735, 32
1736, 33
1737, 33
1738, 34
1739, 33
1740, 33
1741, 33
1742, 33
1743, 33
1744, 34
1745, 33
1746, 33
1747, 33
1748, 33
1749, 32
1750, 32
1751, 32
1752, 32
1753, 32
1754, 33
1755, 33
1756, 33
1757, 33
1758, 32
1759, 32
1760, 33
1761, 33
1762, 33
1763, 33
1764, 33
1765, 33
1766, 33
1767, 33
1768, 33
1769, 33
1770, 33
1771, 33
1772, 33
1773, 33
1774, 32
1775, 32
1776, 31
1777, 31
1778, 31
1779, 32
1780, 31
1781, 30
1782, 30
1783, 29
1784, 30
1785, 30
1786, 30
1787, 30
1788, 29
1789, 29
1790, 29
1791, 29
1792, 29
1793, 29
1794, 29
1795, 28
1796, 28
1797, 28
1798, 28
1799, 28
1800, 29
1801, 29
1802, 29
1803, 29
1804, 30
1805, 30
1806, 31
1807, 31
1808, 31
1809, 30
1810, 30
1811, 30
1812, 31
1813, 31
1814, 31
1815, 31
1816, 30
1817, 30
1818, 30
1819, 31
1820, 31
1821, 31
1822, 30
1823, 29
1824, 29
1825, 29
1826, 29
1827, 29
1828, 30
1829, 30
1830, 29
1831, 29
1832, 31
1833, 31
1834, 32
1835, 32
1836, 32
1837, 32
1838, 31
1839, 31
1840, 32
1841, 31
1842, 32
1843, 32
1844, 32
1845, 31
1846, 30
1847, 31
1848, 32
1849, 32
1850, 32
1851, 32
1852, 33
1853, 33
1854, 33
1855, 33
1856, 34
1857, 34
1858, 35
1859, 35
1860, 35
1861, 35
1862, 35
1863, 35
1864, 35
1865, 35
1866, 35
1867, 35
1868, 36
1869, 36
1870, 36
1871, 36
1872, 35
1873, 35
1874, 34
1875, 33
1876, 33
1877, 34
1878, 34
1879, 34
1880, 35
1881, 34
1882, 34
1883, 34
1884, 34
1885, 34
1886, 34
1887, 33
1888, 33
1889, 33
1890, 33
1891, 34
1892, 34
1893, 33
1894, 33
1895, 34
1896, 33
1897, 33
1898, 33
1899, 33
1900, 33
1901, 32
1902, 31
1903, 30
1904, 30
1905, 30
1906, 30
1907, 30
1908, 29
1909, 29
1910, 29
1911, 29
1912, 29
1913, 29
1914, 28
1915, 28
1916, 28
1917, 28
1918, 29
1919, 29
1920, 30
1921, 29
1922, 29
1923, 29
1924, 29
1925, 30
1926, 30
1927, 29
1928, 30
1929, 31
1930, 32
1931, 31
1932, 31
1933, 32
1934, 32
1935, 31
1936, 31
1937, 31
1938, 31
1939, 32
1940, 32
1941, 32
1942, 31
1943, 31
1944, 31
1945, 31
1946, 32
1947, 31
1948, 32
1949, 31
1950, 31
1951, 31
1952, 31
1953, 31
1954, 30
1955, 29
1956, 29
1957, 30
1958, 30
1959, 30
1960, 32
1961, 31
1962, 31
1963, 31
1964, 30
1965, 32
1966, 32
1967, 32
1968, 32
1969, 31
1970, 30
1971, 31
1972, 30
1973, 30
1974, 30
1975, 29
1976, 29
1977, 29
1978, 30
1979, 30
1980, 29
1981, 31
1982, 31
1983, 31
1984, 32
1985, 32
1986, 31
1987, 30
1988, 29
1989, 28
1990, 28
1991, 28
1992, 28
1993, 28
1994, 28
1995, 27
1996, 28
1997, 28
1998, 28
1999, 28
2000, 30
2001, 31
2002, 31
2003, 31
2004, 31
2005, 31
2006, 31
2007, 32
2008, 32
2009, 32
2010, 33
2011, 33
2012, 32
2013, 31
2014, 31
2015, 32
2016, 33
2017, 33
2018, 32
2019, 32
2020, 32
2021, 32
2022, 32
2023, 32
2024, 32
2025, 32
2026, 31
2027, 31
2028, 30
2029, 29
2030, 30
2031, 30
2032, 29
2033, 29
2034, 30
2035, 32
2036, 32
2037, 31
2038, 31
2039, 31
2040, 30
2041, 32
2042, 32
2043, 32
2044, 32
2045, 31
2046, 31
2047, 32
2048, 32
2049, 32
2050, 31
2051, 31
2052, 30
2053, 30
2054, 31
2055, 31
2056, 30
2057, 30
2058, 30
2059, 30
2060, 30
2061, 30
2062, 30
2063, 30
2064, 30
2065, 30
2066, 30
2067, 30
2068, 30
2069, 30
2070, 31
2071, 31
2072, 32
2073, 33
2074, 34
2075, 35
2076, 35
2077, 36
2078, 37
2079, 37
2080, 36
2081, 36
2082, 35
2083, 34
2084, 33
2085, 32
2086, 32
2087, 32
2088, 32
2089, 32
2090, 32
2091, 32
2092, 32
2093, 33
2094, 33
2095, 33
2096, 33
2097, 33
2098, 33
2099, 33
2100, 32
2101, 32
2102, 31
2103, 32
2104, 31
2105, 31
2106, 32
2107, 33
2108, 32
2109, 32
2110, 32
2111, 31
2112, 31
2113, 31
2114, 31
2115, 31
2116, 31
2117, 30
2118, 30
2119, 31
2120, 31
2121, 31
2122, 30
2123, 30
2124, 30
2125, 30
2126, 29
2127, 28
2128, 27
2129, 27
2130, 29
2131, 29
2132, 28
2133, 28
2134, 28
2135, 28
2136, 27
2137, 27
2138, 29
2139, 29
2140, 29
2141, 29
2142, 29
2143, 29
2144, 29
2145, 29
2146, 30
2147, 30
2148, 29
2149, 30
2150, 31
2151, 31
2152, 31
2153, 31
2154, 32
2155, 32
2156, 31
2157, 30
2158, 30
2159, 30
2160, 30
2161, 30
2162, 30
2163, 30
2164, 29
2165, 29
2166, 29
2167, 29
2168, 30
2169, 30
2170, 30
2171, 31
2172, 31
2173, 31
2174, 31
2175, 31
2176, 30
2177, 30
2178, 29
2179, 30
2180, 30
2181, 30
2182, 31
2183, 31
2184, 32
2185, 32
2186, 32
2187, 32
2188, 32
2189, 31
2190, 32
2191, 32
2192, 32
2193, 32
2194, 32
2195, 32
2196, 32
2197, 33
2198, 32
2199, 32
2200, 33
2201, 33
2202, 33
2203, 33
2204, 32
2205, 32
2206, 33
2207, 33
2208, 33
2209, 33
2210, 32
2211, 32
2212, 32
2213, 32
2214, 31
2215, 31
2216, 31
2217, 32
2218, 32
2219, 32
2220, 33
2221, 32
2222, 32
2223, 32
2224, 33
2225, 33
2226, 34
2227, 33
2228, 33
2229, 33
2230, 34
2231, 34
2232, 34
2233, 33
2234, 32
2235, 33
2236, 32
2237, 33
2238, 34
2239, 33
2240, 34
2241, 35
2242, 35
2243, 36
2244, 36
2245, 36
2246, 36
2247, 36
2248, 35
2249, 36
2250, 36
2251, 37
2252, 36
2253, 36
2254, 36
2255, 35
2256, 35
2257, 35
2258, 34
2259, 34
2260, 33
2261, 33
2262, 32
2263, 33
2264, 32
2265, 32
2266, 32
2267, 32
2268, 31
2269, 31
2270, 31
2271, 31
2272, 31
2273, 31
2274, 31
2275, 31
2276, 32
2277, 33
2278, 32
2279, 33
2280, 33
2281, 33
2282, 33
2283, 33
2284, 34
2285, 34
2286, 34
2287, 34
2288, 34
2289, 35
2290, 35
2291, 34
2292, 34
2293, 34
2294, 36
2295, 36
2296, 36
2297, 36
2298, 36
2299, 36
2300, 37
2301, 38
2302, 38
2303, 37
2304, 37
2305, 36
2306, 36
2307, 36
2308, 35
2309, 35
2310, 35
2311, 35
2312, 35
2313, 35
2314, 35
2315, 35
2316, 35
2317, 35
2318, 36
2319, 35
2320, 34
2321, 33
2322, 33
2323, 34
2324, 33
2325, 33
2326, 32
2327, 32
2328, 32
2329, 33
2330, 33
2331, 34
2332, 33
2333, 33
2334, 34
2335, 34
2336, 34
2337, 34
2338, 34
2339, 34
2340, 34
2341, 34
2342, 33
2343, 33
2344, 33
2345, 33
2346, 34
2347, 35
2348, 35
2349, 35
2350, 34
2351, 34
2352, 34
2353, 34
2354, 34
2355, 35
2356, 35
2357, 34
2358, 35
2359, 34
2360, 34
2361, 33
2362, 33
2363, 33
2364, 34
2365, 33
2366, 33
2367, 33
2368, 33
2369, 33
2370, 33
2371, 32
2372, 31
2373, 31
2374, 31
2375, 31
2376, 31
2377, 30
2378, 29
2379, 29
2380, 31
2381, 31
2382, 32
2383, 32
2384, 33
2385, 34
2386, 35
2387, 34
2388, 34
2389, 34
2390, 34
2391, 33
2392, 33
2393, 33
2394, 32
2395, 33
2396, 33
2397, 33
2398, 33
2399, 32
2400, 33
2401, 34
2402, 35
2403, 35
2404, 34
2405, 34
2406, 34
2407, 33
2408, 33
2409, 32
2410, 32
2411, 32
2412, 31
2413, 32
2414, 32
2415, 32
2416, 33
2417, 33
2418, 33
2419, 33
2420, 33
2421, 33
2422, 32
2423, 31
2424, 30
2425, 30
2426, 29
2427, 29
2428, 29
2429, 29
2430, 30
2431, 30
2432, 31
2433, 31
2434, 31
2435, 31
2436, 31
2437, 32
2438, 31
2439, 31
2440, 31
2441, 32
2442, 31
2443, 31
2444, 31
2445, 31
2446, 31
2447, 31
2448, 31
2449, 30
2450, 31
2451, 32
2452, 32
2453, 32
2454, 33
2455, 33
2456, 33
2457, 33
2458, 33
2459, 33
2460, 33
2461, 33
2462, 33
2463, 34
2464, 34
2465, 34
2466, 34
2467, 33
2468, 32
2469, 32
2470, 31
2471, 31
2472, 31
2473, 30
2474, 30
2475, 32
2476, 31
2477, 32
2478, 32
2479, 31
2480, 33
2481, 34
2482, 34
2483, 34
2484, 34
2485, 34
2486, 34
2487, 35
2488, 35
2489, 36
2490, 36
2491, 36
2492, 36
2493, 36
2494, 36
2495, 36
2496, 36
2497, 36
2498, 36
2499, 35
2500, 36
2501, 36
2502, 36
2503, 36
2504, 36
2505, 35
2506, 35
2507, 35
2508, 35
2509, 36
2510, 36
2511, 36
2512, 36
2513, 35
2514, 34
2515, 35
2516, 35
2517, 35
2518, 35
2519, 35
2520, 35
2521, 35
2522, 35
2523, 35
2524, 35
2525, 36
2526, 36
2527, 36
2528, 36
2529, 36
2530, 36
2531, 36
2532, 35
2533, 35
2534, 35
2535, 34
2536, 34
2537, 34
2538, 34
2539, 34
2540, 33
2541, 32
2542, 32
2543, 33
2544, 33
2545, 33
2546, 32
2547, 32
2548, 33
2549, 32
2550, 31
2551, 31
2552, 31
2553, 31
2554, 31
2555, 31
2556, 32
2557, 32
2558, 32
2559, 33
2560, 32
2561, 32
2562, 33
2563, 33
2564, 33
2565, 33
2566, 32
2567, 32
2568, 33
2569, 33
2570, 33
2571, 32
2572, 33
2573, 33
2574, 33
2575, 32
2576, 32
2577, 33
2578, 33
2579, 32
2580, 31
2581, 31
2582, 33
2583, 33
2584, 33
2585, 32
2586, 32
2587, 31
2588, 32
2589, 32
2590, 33
2591, 33
2592, 33
2593, 33
2594, 33
2595, 33
2596, 33
2597, 34
2598, 34
2599, 34
2600, 34
2601, 34
2602, 33
2603, 33
2604, 33
2605, 33
2606, 33
2607, 32
2608, 31
2609, 31
2610, 31
2611, 32
2612, 31
2613, 31
2614, 31
2615, 30
2616, 29
2617, 29
2618, 29
2619, 29
2620, 30
2621, 31
2622, 30
2623, 29
2624, 29
2625, 29
2626, 30
2627, 29
2628, 29
2629, 28
2630, 28
2631, 28
2632, 28
2633, 27
2634, 27
2635, 26
2636, 26
2637, 26
2638, 25
2639, 26
2640, 27
2641, 27
2642, 27
2643, 26
2644, 26
2645, 28
2646, 28
2647, 28
2648, 29
2649, 29
2650, 29
2651, 30
2652, 30
2653, 29
2654, 29
2655, 28
2656, 28
2657, 29
2658, 29
2659, 29
2660, 30
2661, 30
2662, 30
2663, 30
2664, 30
2665, 30
2666, 30
2667, 31
2668, 32
2669, 32
2670, 31
2671, 31
2672, 30
2673, 29
2674, 28
2675, 28
2676, 27
2677, 27
2678, 27
2679, 27
2680, 27
2681, 27
2682, 27
2683, 26
2684, 26
2685, 25
2686, 26
2687, 27
2688, 27
2689, 27
2690, 26
2691, 26
2692, 26
2693, 25
2694, 26
2695, 27
2696, 26
2697, 26
2698, 26
2699, 25
2700, 25
2701, 25
2702, 26
2703, 26
2704, 26
2705, 26
2706, 28
2707, 28
2708, 28
2709, 29
2710, 29
2711, 29
2712, 29
2713, 29
2714, 30
2715, 30
2716, 30
2717, 30
2718, 29
2719, 30
2720, 30
2721, 30
2722, 30
2723, 30
2724, 30
2725, 29
2726, 29
2727, 29
2728, 30
2729, 30
2730, 30
2731, 30
2732, 29
2733, 29
2734, 28
2735, 27
2736, 27
2737, 27
2738, 26
2739, 27
2740, 28
2741, 28
2742, 28
2743, 28
2744, 28
2745, 28
2746, 28
2747, 29
2748, 29
2749, 29
2750, 29
2751, 29
2752, 29
2753, 29
2754, 29
2755, 29
2756, 29
2757, 30
2758, 30
2759, 31
2760, 31
2761, 31
2762, 31
2763, 31
2764, 31
2765, 31
2766, 31
2767, 31
2768, 31
2769, 32
2770, 31
2771, 31
2772, 30
2773, 30
2774, 30
2775, 29
2776, 29
2777, 29
2778, 29
2779, 29
2780, 29
2781, 29
2782, 28
2783, 28
2784, 28
2785, 28
2786, 28
2787, 29
2788, 29
2789, 30
2790, 30
2791, 30
2792, 29
2793, 29
2794, 29
2795, 29
2796, 29
2797, 29
2798, 29
2799, 29
2800, 29
2801, 29
2802, 28
2803, 28
2804, 28
2805, 27
2806, 27
2807, 27
2808, 28
2809, 28
2810, 27
2811, 27
2812, 28
2813, 28
2814, 27
2815, 27
2816, 27
2817, 27
2818, 27
2819, 26
2820, 27
2821, 28
2822, 27
2823, 29
2824, 29
2825, 30
2826, 29
2827, 30
2828, 30
2829, 29
2830, 29
2831, 29
2832, 29
2833, 30
2834, 30
2835, 31
2836, 31
2837, 31
2838, 30
2839, 30
2840, 30
2841, 29
2842, 29
2843, 29
2844, 29
2845, 29
2846, 29
2847, 29
2848, 30
2849, 29
2850, 29
2851, 29
2852, 29
2853, 29
2854, 30
2855, 30
2856, 31
2857, 31
2858, 30
2859, 29
2860, 29
2861, 29
2862, 30
2863, 30
2864, 31
2865, 31
2866, 31
2867, 31
2868, 31
2869, 31
2870, 31
2871, 31
2872, 30
2873, 29
2874, 29
2875, 29
2876, 30
2877, 30
2878, 30
2879, 30
2880, 30
2881, 30
2882, 32
2883, 31
2884, 30
2885, 31
2886, 31
2887, 31
2888, 31
2889, 31
2890, 31
2891, 31
2892, 31
2893, 33
2894, 33
2895, 32
2896, 33
2897, 33
2898, 33
2899, 33
2900, 32
2901, 32
2902, 32
2903, 31
2904, 31
2905, 30
2906, 29
2907, 29
2908, 30
2909, 29
2910, 30
2911, 31
2912, 31
2913, 31
2914, 31
2915, 31
2916, 31
2917, 30
2918, 30
2919, 30
2920, 30
2921, 30
2922, 30
2923, 30
2924, 31
2925, 30
2926, 30
2927, 30
2928, 30
2929, 30
2930, 30
2931, 30
2932, 31
2933, 31
2934, 31
2935, 31
2936, 31
2937, 31
2938, 31
2939, 30
2940, 30
2941, 30
2942, 30
2943, 30
2944, 31
2945, 30
2946, 29
2947, 29
2948, 29
2949, 30
2950, 29
2951, 28
2952, 28
2953, 28
2954, 30
2955, 30
2956, 30
2957, 29
2958, 29
2959, 29
2960, 29
2961, 30
2962, 29
2963, 28
2964, 27
2965, 27
2966, 27
2967, 26
2968, 26
2969, 25
2970, 25
2971, 25
2972, 27
2973, 27
2974, 27
2975, 27
2976, 27
2977, 26
2978, 26
2979, 27
2980, 27
2981, 27
2982, 27
2983, 28
2984, 28
2985, 28
2986, 28
2987, 28
2988, 28
2989, 28
2990, 28
2991, 27
2992, 27
2993, 28
2994, 27
2995, 27
2996, 29
2997, 29
2998, 28
2999, 29
3000, 29
3001, 29
3002, 29
3003, 29
3004, 28
3005, 28
3006, 28
3007, 28
3008, 28
3009, 29
3010, 28
3011, 28
3012, 28
3013, 28
3014, 28
3015, 28
3016, 28
3017, 28
3018, 28
3019, 27
3020, 27
3021, 27
3022, 26
3023, 26
3024, 26
3025, 26
3026, 26
3027, 28
3028, 28
3029, 28
3030, 29
3031, 29
3032, 29
3033, 29
3034, 30
3035, 30
3036, 30
3037, 30
3038, 29
3039, 29
3040, 29
3041, 28
3042, 27
3043, 27
3044, 26
3045, 26
3046, 26
3047, 25
3048, 26
3049, 26
3050, 27
3051, 27
3052, 28
3053, 29
3054, 29
3055, 28
3056, 29
3057, 29
3058, 29
3059, 29
3060, 29
3061, 29
3062, 28
3063, 28
3064, 29
3065, 29
3066, 29
3067, 29
3068, 30
3069, 30
3070, 30
3071, 31
3072, 31
3073, 30
3074, 30
3075, 30
3076, 30
3077, 30
3078, 30
3079, 30
3080, 30
3081, 30
3082, 30
3083, 30
3084, 29
3085, 29
3086, 28
3087, 28
3088, 28
3089, 28
3090, 28
3091, 27
3092, 27
3093, 27
3094, 27
3095, 27
3096, 27
3097, 26
3098, 28
3099, 29
3100, 29
3101, 29
3102, 29
3103, 29
3104, 29
3105, 29
3106, 29
3107, 29
3108, 29
3109, 29
3110, 29
3111, 29
3112, 29
3113, 29
3114, 29
3115, 28
3116, 28
3117, 28
3118, 28
3119, 28
3120, 28
3121, 28
3122, 28
3123, 28
3124, 27
3125, 27
3126, 27
3127, 27
3128, 27
3129, 27
3130, 26
3131, 27
3132, 26
3133, 26
3134, 26
3135, 26
3136, 26
3137, 26
3138, 26
3139, 26
3140, 26
3141, 27
3142, 27
3143, 27
3144, 27
3145, 28
3146, 29
3147, 29
3148, 29
3149, 29
3150, 29
3151, 29
3152, 28
3153, 29
3154, 29
3155, 29
3156, 28
3157, 28
3158, 28
3159, 28
3160, 28
3161, 28
3162, 28
3163, 28
3164, 28
3165, 28
3166, 29
3167, 29
3168, 28
3169, 28
3170, 28
3171, 28
3172, 28
3173, 29
3174, 29
3175, 30
3176, 30
3177, 30
3178, 29
3179, 29
3180, 29
3181, 30
3182, 30
3183, 30
3184, 29
3185, 30
3186, 30
3187, 30
3188, 30
3189, 30
3190, 30
3191, 30
3192, 30
3193, 30
3194, 30
3195, 30
3196, 30
3197, 30
3198, 31
3199, 31
3200, 31
3201, 31
3202, 31
3203, 31
3204, 30
3205, 30
3206, 30
3207, 30
3208, 30
3209, 29
3210, 29
3211, 29
3212, 29
3213, 28
3214, 28
3215, 27
3216, 27
3217, 27
3218, 27
3219, 26
3220, 26
3221, 27
3222, 28
3223, 28
3224, 29
3225, 29
3226, 29
3227, 29
3228, 30
3229, 30
3230, 30
3231, 30
3232, 30
3233, 30
3234, 29
3235, 29
3236, 29
3237, 29
3238, 29
3239, 29
3240, 29
3241, 30
3242, 30
3243, 30
3244, 30
3245, 30
3246, 30
3247, 30
3248, 29
3249, 29
3250, 29
3251, 29
3252, 28
3253, 28
3254, 29
3255, 30
3256, 29
3257, 29
3258, 29
3259, 29
3260, 29
3261, 30
3262, 30
3263, 30
3264, 30
3265, 30
3266, 30
3267, 30
3268, 29
3269, 30
3270, 31
3271, 31
3272, 31
3273, 32
3274, 31
3275, 31
3276, 32
3277, 31
3278, 31
3279, 32
3280, 31
3281, 31
3282, 31
3283, 31
3284, 31
3285, 31
3286, 31
3287, 31
3288, 32
3289, 32
3290, 32
3291, 32
3292, 32
3293, 31
3294, 31
3295, 31
3296, 31
3297, 30
3298, 30
3299, 31
3300, 30
3301, 29
3302, 29
3303, 29
3304, 29
3305, 30
3306, 30
3307, 30
3308, 30
3309, 29
3310, 29
3311, 29
3312, 29
3313, 29
3314, 29
3315, 28
3316, 28
3317, 28
3318, 29
3319, 29
3320, 29
3321, 29
3322, 29
3323, 29
3324, 30
3325, 30
3326, 30
3327, 30
3328, 30
3329, 30
3330, 30
3331, 30
3332, 29
3333, 29
3334, 29
3335, 28
3336, 28
3337, 28
3338, 28
3339, 27
3340, 27
3341, 27
3342, 27
3343, 27
3344, 27
3345, 28
3346, 27
3347, 26
3348, 26
3349, 26
3350, 28
3351, 28
3352, 28
3353, 28
3354, 27
3355, 27
3356, 26
3357, 26
3358, 26
3359, 27
3360, 27
3361, 27
3362, 28
3363, 28
3364, 28
3365, 27
3366, 27
3367, 27
3368, 27
3369, 27
3370, 27
3371, 29
3372, 31
3373, 31
3374, 31
3375, 32
3376, 32
3377, 32
3378, 32
3379, 32
3380, 32
3381, 31
3382, 32
3383, 31
3384, 31
3385, 32
3386, 32
3387, 33
3388, 33
3389, 33
3390, 33
3391, 33
3392, 32
3393, 33
3394, 33
3395, 33
3396, 32
3397, 31
3398, 32
3399, 32
3400, 32
3401, 32
3402, 32
3403, 33
3404, 33
3405, 33
3406, 33
3407, 33
3408, 33
3409, 34
3410, 34
3411, 34
3412, 33
3413, 32
3414, 33
3415, 33
3416, 33
3417, 33
3418, 34
3419, 34
3420, 33
3421, 32
3422, 32
3423, 32
3424, 33
3425, 34
3426, 34
3427, 34
3428, 34
3429, 33
3430, 33
3431, 33
3432, 32
3433, 32
3434, 32
3435, 33
3436, 32
3437, 32
3438, 32
3439, 33
3440, 33
3441, 32
3442, 31
3443, 31
3444, 30
3445, 29
3446, 29
3447, 30
3448, 31
3449, 31
3450, 31
3451, 31
3452, 31
3453, 31
3454, 31
3455, 32
3456, 33
3457, 33
3458, 32
3459, 32
3460, 32
3461, 32
3462, 32
3463, 32
3464, 31
3465, 31
3466, 31
3467, 31
3468, 31
3469, 31
3470, 31
3471, 31
3472, 33
3473, 33
3474, 32
3475, 32
3476, 31
3477, 31
3478, 31
3479, 31
3480, 31
3481, 31
3482, 30
3483, 32
3484, 31
3485, 31
3486, 30
3487, 30
3488, 31
3489, 31
3490, 31
3491, 31
3492, 30
3493, 31
3494, 31
3495, 33
3496, 33
3497, 32
3498, 32
3499, 32
3500, 31
3501, 31
3502, 31
3503, 30
3504, 29
3505, 29
3506, 28
3507, 29
3508, 29
3509, 29
3510, 29
3511, 30
3512, 30
3513, 29
3514, 29
3515, 28
3516, 28
3517, 29
3518, 29
3519, 30
3520, 30
3521, 29
3522, 29
3523, 29
3524, 29
3525, 29
3526, 29
3527, 29
3528, 30
3529, 30
3530, 30
3531, 30
3532, 30
3533, 30
3534, 31
3535, 31
3536, 33
3537, 32
3538, 32
3539, 32
3540, 31
3541, 32
3542, 31
3543, 32
3544, 31
3545, 30
3546, 31
3547, 31
3548, 33
3549, 32
3550, 32
3551, 31
3552, 32
3553, 32
3554, 32
3555, 31
3556, 31
3557, 31
3558, 32
3559, 33
3560, 32
3561, 32
3562, 32
3563, 32
3564, 32
3565, 33
3566, 33
3567, 33
3568, 34
3569, 34
3570, 35
3571, 35
3572, 36
3573, 35
3574, 34
3575, 34
3576, 34
3577, 34
3578, 34
3579, 34
3580, 34
3581, 34
3582, 35
3583, 35
3584, 35
3585, 34
3586, 34
3587, 34
3588, 34
3589, 34
3590, 34
3591, 34
3592, 34
3593, 33
3594, 33
3595, 33
3596, 34
3597, 34
3598, 33
3599, 33
3600, 34
3601, 34
3602, 33
3603, 32
3604, 32
3605, 32
3606, 33
3607, 33
3608, 33
3609, 33
3610, 33
3611, 33
3612, 33
3613, 34
3614, 35
3615, 36
3616, 36
3617, 35
3618, 36
3619, 35
3620, 35
3621, 35
3622, 34
3623, 34
3624, 34
3625, 35
3626, 35
3627, 35
3628, 35
3629, 34
3630, 33
3631, 33
3632, 34
3633, 34
3634, 34
3635, 34
3636, 34
3637, 34
3638, 33
3639, 32
3640, 32
3641, 32
3642, 32
3643, 31
3644, 31
3645, 31
3646, 31
3647, 31
3648, 31
3649, 31
3650, 32
3651, 32
3652, 32
3653, 32
3654, 33
3655, 33
3656, 33
3657, 33
3658, 33
3659, 33
3660, 33
3661, 32
3662, 32
3663, 32
3664, 33
3665, 33
3666, 33
3667, 33
3668, 34
3669, 35
3670, 35
3671, 35
3672, 35
3673, 35
3674, 35
3675, 36
3676, 36
3677, 36
3678, 36
3679, 36
3680, 36
3681, 35
3682, 34
3683, 34
3684, 34
3685, 34
3686, 34
3687, 35
3688, 35
3689, 35
3690, 34
3691, 35
3692, 35
3693, 36
3694, 36
3695, 35
3696, 35
3697, 34
3698, 34
3699, 35
3700, 35
3701, 35
3702, 35
3703, 35
3704, 36
3705, 35
3706, 36
3707, 36
3708, 35
3709, 34
3710, 34
3711, 34
3712, 33
3713, 34
3714, 34
3715, 33
3716, 33
3717, 33
3718, 33
3719, 33
3720, 33
3721, 33
3722, 34
3723, 33
3724, 33
3725, 32
3726, 31
3727, 31
3728, 30
3729, 29
3730, 28
3731, 29
3732, 31
3733, 30
3734, 31
3735, 31
3736, 31
3737, 32
3738, 31
3739, 31
3740, 31
3741, 31
3742, 31
3743, 31
3744, 30
3745, 29
3746, 30
3747, 30
3748, 30
3749, 30
3750, 30
3751, 30
3752, 30
3753, 30
3754, 31
3755, 31
3756, 33
3757, 33
3758, 32
3759, 31
3760, 31
3761, 31
3762, 31
3763, 31
3764, 31
3765, 30
3766, 30
3767, 30
3768, 29
3769, 29
3770, 29
3771, 30
3772, 30
3773, 29
3774, 30
3775, 32
3776, 32
3777, 31
3778, 31
3779, 30
3780, 31
3781, 31
3782, 31
3783, 30
3784, 30
3785, 30
3786, 31
3787, 30
3788, 30
3789, 31
3790, 32
3791, 31
3792, 30
3793, 30
3794, 30
3795, 30
3796, 30
3797, 31
3798, 33
3799, 33
3800, 33
3801, 34
3802, 33
3803, 33
3804, 33
3805, 34
3806, 34
3807, 33
3808, 33
3809, 33
3810, 33
3811, 32
3812, 31
3813, 32
3814, 32
3815, 33
3816, 33
3817, 33
3818, 33
3819, 33
3820, 33
3821, 33
3822, 32
3823, 32
3824, 32
3825, 32
3826, 33
3827, 33
3828, 32
3829, 32
3830, 32
3831, 33
3832, 33
3833, 34
3834, 34
3835, 36
3836, 37
3837, 37
3838, 37
3839, 37
3840, 37
3841, 37
3842, 38
3843, 38
3844, 38
3845, 38
3846, 37
3847, 36
3848, 37
3849, 37
3850, 38
3851, 39
3852, 39
3853, 39
3854, 39
3855, 39
3856, 39
3857, 39
3858, 38
3859, 38
3860, 38
3861, 38
3862, 38
3863, 38
3864, 39
3865, 38
3866, 38
3867, 37
3868, 38
3869, 38
3870, 39
3871, 39
3872, 39
3873, 39
3874, 39
3875, 39
3876, 39
3877, 39
3878, 38
3879, 38
3880, 38
3881, 38
3882, 37
3883, 37
3884, 37
3885, 38
3886, 38
3887, 39
3888, 39
3889, 38
3890, 38
3891, 39
3892, 39
3893, 39
3894, 39
3895, 40
3896, 40
3897, 40
3898, 39
3899, 40
3900, 40
3901, 40
3902, 40
3903, 40
3904, 39
3905, 39
3906, 39
3907, 39
3908, 39
3909, 39
3910, 38
3911, 38
3912, 38
3913, 38
3914, 38
3915, 38
3916, 38
3917, 38
3918, 38
3919, 38
3920, 38
3921, 37
3922, 37
3923, 36
3924, 36
3925, 37
3926, 37
3927, 37
3928, 36
3929, 37
3930, 37
3931, 37
3932, 37
3933, 36
3934, 36
3935, 35
3936, 34
3937, 34
3938, 34
3939, 34
3940, 33
3941, 33
3942, 33
3943, 33
3944, 33
3945, 33
3946, 34
3947, 34
3948, 34
3949, 33
3950, 33
3951, 34
3952, 34
3953, 33
3954, 34
3955, 34
3956, 34
3957, 33
3958, 32
3959, 32
3960, 31
3961, 32
3962, 31
3963, 31
3964, 31
3965, 30
3966, 30
3967, 30
3968, 30
3969, 30
3970, 30
3971, 31
3972, 31
3973, 31
3974, 31
3975, 31
3976, 31
3977, 33
3978, 32
3979, 31
3980, 30
3981, 30
3982, 30
3983, 31
3984, 31
3985, 31
3986, 30
3987, 30
3988, 30
3989, 31
3990, 31
3991, 31
3992, 31
3993, 31
3994, 31
3995, 31
3996, 31
3997, 33
3998, 32
3999, 33
4000, 32
4001, 32
4002, 31
4003, 31
4004, 30
4005, 30
4006, 30
4007, 31
4008, 31
4009, 30
4010, 30
4011, 30
4012, 30
4013, 30
4014, 30
4015, 31
4016, 30
4017, 30
4018, 31
4019, 30
4020, 30
4021, 29
4022, 29
4023, 29
4024, 31
4025, 30
4026, 30
4027, 30
4028, 30
4029, 31
4030, 30
4031, 29
4032, 29
4033, 30
4034, 30
4035, 30
4036, 29
4037, 30
4038, 30
4039, 30
4040, 30
4041, 30
4042, 30
4043, 29
4044, 29
4045, 29
4046, 29
4047, 29
4048, 28
4049, 29
4050, 29
4051, 29
4052, 29
4053, 28
4054, 28
4055, 29
4056, 28
4057, 28
4058, 28
4059, 28
4060, 29
4061, 29
4062, 29
4063, 30
4064, 31
4065, 31
4066, 30
4067, 30
4068, 30
4069, 29
4070, 29
4071, 28
4072, 28
4073, 28
4074, 30
4075, 30
4076, 30
4077, 30
4078, 30
4079, 29
4080, 30
4081, 30
4082, 29
4083, 29
4084, 28
4085, 27
4086, 27
4087, 27
4088, 28
4089, 28
4090, 28
4091, 28
4092, 29
4093, 30
4094, 29
4095, 29
4096, 30
4097, 32
4098, 33
4099, 33
4100, 33
4101, 32
4102, 32
4103, 32
4104, 32
4105, 32
4106, 32
4107, 32
4108, 32
4109, 31
4110, 32
4111, 32
4112, 33
4113, 34
4114, 34
4115, 34
4116, 34
4117, 34
4118, 34
4119, 35
4120, 35
4121, 35
4122, 35
4123, 34
4124, 34
4125, 35
4126, 35
4127, 34
4128, 34
4129, 34
4130, 34
4131, 33
4132, 33
4133, 33
4134, 33
4135, 33
4136, 35
4137, 35
4138, 35
4139, 36
4140, 36
4141, 36
4142, 36
4143, 35
4144, 35
4145, 34
4146, 34
4147, 34
4148, 34
4149, 34
4150, 33
4151, 32
4152, 32
4153, 32
4154, 32
4155, 33
4156, 35
4157, 36
4158, 36
4159, 36
4160, 36
4161, 37
4162, 38
4163, 38
4164, 38
4165, 38
4166, 38
4167, 37
4168, 37
4169, 36
4170, 35
4171, 35
4172, 35
4173, 35
4174, 37
4175, 37
4176, 36
4177, 38
4178, 39
4179, 39
4180, 39
4181, 38
4182, 37
4183, 36
4184, 37
4185, 38
4186, 38
4187, 38
4188, 37
4189, 37
4190, 38
4191, 37
4192, 37
4193, 38
4194, 38
4195, 37
4196, 37
4197, 37
4198, 38
4199, 38
4200, 39
4201, 39
4202, 39
4203, 39
4204, 38
4205, 37
4206, 37
4207, 36
4208, 37
4209, 36
4210, 36
4211, 35
4212, 35
4213, 35
4214, 34
4215, 33
4216, 32
4217, 31
4218, 32
4219, 32
4220, 32
4221, 33
4222, 32
4223, 33
4224, 35
4225, 35
4226, 35
4227, 34
4228, 33
4229, 33
4230, 33
4231, 33
4232, 34
4233, 34
4234, 33
4235, 32
4236, 32
4237, 31
4238, 31
4239, 30
4240, 32
4241, 31
4242, 31
4243, 31
4244, 31
4245, 30
4246, 30
4247, 31
4248, 31
4249, 31
4250, 31
4251, 30
4252, 30
4253, 30
4254, 31
4255, 30
4256, 29
4257, 30
4258, 30
4259, 30
4260, 30
4261, 30
4262, 30
4263, 29
4264, 29
4265, 30
4266, 29
4267, 29
4268, 30
4269, 31
4270, 33
4271, 34
4272, 34
4273, 33
4274, 33
4275, 33
4276, 33
4277, 33
4278, 32
4279, 31
4280, 31
4281, 32
4282, 32
4283, 34
4284, 34
4285, 34
4286, 33
4287, 33
4288, 32
4289, 32
4290, 33
4291, 33
4292, 32
4293, 31
4294, 31
4295, 32
4296, 34
4297, 34
4298, 35
4299, 34
4300, 34
4301, 33
4302, 34
4303, 33
4304, 32
4305, 32
4306, 31
4307, 31
4308, 32
4309, 33
4310, 32
4311, 34
4312, 35
4313, 34
4314, 34
4315, 35
4316, 35
4317, 34
4318, 33
4319, 32
4320, 33
4321, 33
4322, 33
4323, 33
4324, 33
4325, 33
4326, 33
4327, 33
4328, 33
4329, 33
4330, 34
4331, 35
4332, 35
4333, 34
4334, 34
4335, 34
4336, 34
4337, 34
4338, 33
4339, 32
4340, 32
4341, 31
4342, 32
4343, 32
4344, 32
4345, 31
4346, 32
4347, 32
4348, 33
4349, 33
4350, 33
4351, 33
4352, 33
4353, 35
4354, 36
4355, 36
4356, 35
4357, 35
4358, 35
4359, 34
4360, 34
4361, 34
4362, 33
4363, 33
4364, 32
4365, 32
4366, 31
4367, 30
4368, 29
4369, 30
4370, 30
4371, 30
4372, 29
4373, 28
4374, 28
4375, 29
4376, 29
4377, 30
4378, 30
4379, 30
4380, 32
4381, 34
4382, 34
4383, 34
4384, 34
4385, 34
4386, 34
4387, 34
4388, 34
4389, 34
4390, 35
4391, 34
4392, 34
4393, 34
4394, 33
4395, 32
4396, 32
4397, 32
4398, 32
4399, 31
4400, 31
4401, 31
4402, 31
4403, 32
4404, 32
4405, 31
4406, 30
4407, 30
4408, 29
4409, 29
4410, 29
4411, 29
4412, 29
4413, 29
4414, 29
4415, 31
4416, 32
4417, 32
4418, 32
4419, 31
4420, 32
4421, 33
4422, 32
4423, 33
4424, 33
4425, 33
4426, 32
4427, 32
4428, 32
4429, 32
4430, 33
4431, 32
4432, 32
4433, 33
4434, 33
4435, 34
4436, 34
4437, 35
4438, 36
4439, 36
4440, 36
4441, 36
4442, 36
4443, 35
4444, 35
4445, 35
4446, 34
4447, 34
4448, 33
4449, 33
4450, 33
4451, 32
4452, 32
4453, 32
4454, 33
4455, 33
4456, 33
4457, 33
4458, 32
4459, 31
4460, 31
4461, 31
4462, 31
4463, 31
4464, 31
4465, 32
4466, 32
4467, 33
4468, 33
4469, 32
4470, 33
4471, 32
4472, 32
4473, 33
4474, 33
4475, 32
4476, 32
4477, 31
4478, 32
4479, 32
4480, 32
4481, 32
4482, 32
4483, 32
4484, 32
4485, 31
4486, 30
4487, 29
4488, 31
4489, 30
4490, 31
4491, 31
4492, 31
4493, 31
4494, 31
4495, 31
4496, 30
4497, 30
4498, 30
4499, 30
4500, 29
4501, 29
4502, 28
4503, 30
4504, 30
4505, 30
4506, 30
4507, 30
4508, 31
4509, 31
4510, 31
4511, 31
4512, 31
4513, 31
4514, 31
4515, 30
4516, 31
4517, 30
4518, 31
4519, 33
4520, 33
4521, 33
4522, 33
4523, 33
4524, 34
4525, 34
4526, 35
4527, 35
4528, 35
4529, 35
4530, 36
4531, 36
4532, 36
4533, 36
4534, 35
4535, 35
4536, 35
4537, 34
4538, 34
4539, 35
4540, 34
4541, 34
4542, 34
4543, 34
4544, 34
4545, 34
4546, 34
4547, 33
4548, 32
4549, 32
4550, 32
4551, 32
4552, 32
4553, 32
4554, 32
4555, 31
4556, 32
4557, 33
4558, 33
4559, 32
4560, 32
4561, 32
4562, 31
4563, 30
4564, 29
4565, 28
4566, 29
4567, 28
4568, 28
4569, 27
4570, 27
4571, 27
4572, 28
4573, 28
4574, 27
4575, 27
4576, 27
4577, 27
4578, 26
4579, 25
4580, 25
4581, 26
4582, 27
4583, 27
4584, 27
4585, 26
4586, 25
4587, 25
4588, 25
4589, 25
4590, 26
4591, 25
4592, 25
4593, 25
4594, 25
4595, 27
4596, 27
4597, 27
4598, 28
4599, 28
4600, 28
4601, 28
4602, 28
4603, 28
4604, 27
4605, 26
4606, 27
4607, 27
4608, 27
4609, 27
4610, 28
4611, 28
4612, 28
4613, 28
4614, 28
4615, 28
4616, 28
4617, 27
4618, 28
4619, 28
4620, 28
4621, 29
4622, 29
4623, 29
4624, 30
4625, 30
4626, 30
4627, 30
4628, 29
4629, 29
4630, 29
4631, 30
4632, 30
4633, 29
4634, 28
4635, 28
4636, 28
4637, 28
4638, 28
4639, 28
4640, 28
4641, 28
4642, 29
4643, 29
4644, 29
4645, 30
4646, 29
4647, 29
4648, 29
4649, 31
4650, 31
4651, 31
4652, 30
4653, 30
4654, 30
4655, 30
4656, 30
4657, 30
4658, 30
4659, 29
4660, 29
4661, 30
4662, 31
4663, 32
4664, 31
4665, 33
4666, 32
4667, 32
4668, 31
4669, 32
4670, 32
4671, 31
4672, 30
4673, 29
4674, 29
4675, 29
4676, 29
4677, 28
4678, 28
4679, 28
4680, 28
4681, 29
4682, 29
4683, 29
4684, 30
4685, 31
4686, 31
4687, 30
4688, 30
4689, 30
4690, 30
4691, 30
4692, 30
4693, 30
4694, 31
4695, 30
4696, 31
4697, 31
4698, 31
4699, 31
4700, 31
4701, 31
4702, 32
4703, 34
4704, 34
4705, 34
4706, 34
4707, 34
4708, 33
4709, 33
4710, 33
4711, 33
4712, 33
4713, 33
4714, 33
4715, 32
4716, 32
4717, 32
4718, 32
4719, 32
4720, 34
4721, 33
4722, 33
4723, 34
4724, 35
4725, 34
4726, 34
4727, 36
4728, 36
4729, 37
4730, 36
4731, 36
4732, 35
4733, 36
4734, 36
4735, 37
4736, 37
4737, 36
4738, 36
4739, 37
4740, 37
4741, 37
4742, 37
4743, 37
4744, 37
4745, 37
4746, 37
4747, 36
4748, 36
4749, 36
4750, 36
4751, 36
4752, 35
4753, 35
4754, 35
4755, 35
4756, 34
4757, 34
4758, 34
4759, 34
4760, 34
4761, 33
4762, 32
4763, 32
4764, 32
4765, 33
4766, 33
4767, 33
4768, 33
4769, 32
4770, 31
4771, 32
4772, 32
4773, 33
4774, 32
4775, 32
4776, 31
4777, 30
4778, 30
4779, 29
4780, 28
4781, 29
4782, 28
4783, 28
4784, 28
4785, 28
4786, 27
4787, 27
4788, 26
4789, 26
4790, 26
4791, 27
4792, 28
4793, 29
4794, 29
4795, 29
4796, 29
4797, 30
4798, 30
4799, 31
4800, 30
4801, 30
4802, 29
4803, 29
4804, 29
4805, 30
4806, 30
4807, 30
4808, 30
4809, 30
4810, 30
4811, 31
4812, 31
4813, 31
4814, 31
4815, 32
4816, 32
4817, 31
4818, 31
4819, 31
4820, 31
4821, 30
4822, 30
4823, 30
4824, 30
4825, 30
4826, 30
4827, 30
4828, 30
4829, 29
4830, 29
4831, 29
4832, 29
4833, 30
4834, 30
4835, 30
4836, 30
4837, 30
4838, 29
4839, 29
4840, 30
4841, 29
4842, 29
4843, 29
4844, 29
4845, 30
4846, 30
4847, 29
4848, 29
4849, 28
4850, 27
4851, 27
4852, 27
4853, 28
4854, 28
4855, 28
4856, 29
4857, 29
4858, 29
4859, 30
4860, 30
4861, 30
4862, 30
4863, 30
4864, 30
4865, 32
4866, 31
4867, 31
4868, 32
4869, 31
4870, 31
4871, 31
4872, 31
4873, 30
4874, 30
4875, 30
4876, 29
4877, 28
4878, 28
4879, 28
4880, 28
4881, 28
4882, 28
4883, 28
4884, 28
4885, 28
4886, 28
4887, 28
4888, 28
4889, 28
4890, 27
4891, 27
4892, 27
4893, 27
4894, 28
4895, 28
4896, 28
4897, 28
4898, 28
4899, 28
4900, 27
4901, 27
4902, 27
4903, 28
4904, 28
4905, 28
4906, 28
4907, 27
4908, 27
4909, 27
4910, 27
4911, 27
4912, 27
4913, 27
4914, 27
4915, 27
4916, 27
4917, 27
4918, 28
4919, 28
4920, 28
4921, 27
4922, 27
4923, 27
4924, 28
4925, 28
4926, 28
4927, 28
4928, 28
4929, 29
4930, 29
4931, 29
4932, 29
4933, 29
4934, 30
4935, 29
4936, 29
4937, 30
4938, 30
4939, 30
4940, 32
4941, 32
4942, 32
4943, 32
4944, 33
4945, 33
4946, 33
4947, 34
4948, 34
4949, 34
4950, 33
4951, 34
4952, 33
4953, 33
4954, 33
4955, 32
4956, 32
4957, 32
4958, 32
4959, 32
4960, 32
4961, 32
4962, 33
4963, 33
4964, 33
4965, 33
4966, 33
4967, 33
4968, 33
4969, 33
4970, 33
4971, 33
4972, 34
4973, 34
4974, 34
4975, 35
4976, 35
4977, 35
4978, 35
4979, 34
4980, 35
4981, 34
4982, 35
4983, 35
4984, 35
4985, 35
4986, 35
4987, 35
4988, 35
4989, 35
4990, 35
4991, 35
4992, 34
4993, 35
4994, 35
4995, 36
4996, 36
4997, 37
4998, 36
4999, 36
5000, 36
5001, 35
5002, 35
5003, 34
5004, 34
5005, 34
5006, 34
5007, 34
5008, 33
5009, 33
5010, 34
5011, 34
5012, 34
5013, 34
5014, 33
5015, 32
5016, 31
5017, 31
5018, 32
5019, 33
5020, 35
5021, 34
5022, 34
5023, 34
5024, 34
5025, 34
5026, 34
5027, 33
5028, 32
5029, 32
5030, 32
5031, 32
5032, 33
5033, 32
5034, 32
5035, 32
5036, 32
5037, 31
5038, 31
5039, 32
5040, 31
5041, 31
5042, 31
5043, 32
5044, 32
5045, 31
5046, 31
5047, 31
5048, 31
5049, 31
5050, 31
5051, 32
5052, 32
5053, 32
5054, 32
5055, 32
5056, 32
5057, 32
5058, 32
5059, 31
5060, 31
5061, 32
5062, 32
5063, 31
5064, 31
5065, 30
5066, 30
5067, 31
5068, 31
5069, 30
5070, 30
5071, 31
5072, 33
5073, 33
5074, 34
5075, 34
5076, 33
5077, 33
5078, 34
5079, 35
5080, 34
5081, 34
5082, 34
5083, 35
5084, 35
5085, 35
5086, 35
5087, 36
5088, 36
5089, 36
5090, 36
5091, 36
5092, 36
5093, 36
5094, 36
5095, 36
5096, 35
5097, 34
5098, 33
5099, 33
5100, 33
5101, 34
5102, 34
5103, 34
5104, 33
5105, 32
5106, 32
5107, 31
5108, 30
5109, 30
5110, 31
5111, 30
5112, 30
5113, 31
5114, 31
5115, 31
5116, 30
5117, 31
5118, 30
5119, 30
5120, 31
5121, 31
5122, 31
5123, 30
5124, 29
5125, 29
5126, 29
5127, 29
5128, 31
5129, 31
5130, 32
5131, 32
5132, 33
5133, 33
5134, 33
5135, 33
5136, 33
5137, 32
5138, 33
5139, 33
5140, 33
5141, 33
5142, 33
5143, 33
5144, 32
5145, 33
5146, 33
5147, 34
5148, 35
5149, 35
5150, 35
5151, 35
5152, 34
5153, 35
5154, 35
5155, 35
5156, 36
5157, 35
5158, 34
5159, 33
5160, 33
5161, 34
5162, 33
5163, 35
5164, 35
5165, 36
5166, 36
5167, 36
5168, 36
5169, 36
5170, 35
5171, 34
5172, 34
5173, 34
5174, 35
5175, 35
5176, 34
5177, 35
5178, 34
5179, 34
5180, 35
5181, 35
5182, 35
5183, 35
5184, 36
5185, 35
5186, 34
5187, 34
5188, 35
5189, 35
5190, 34
5191, 35
5192, 37
5193, 37
5194, 37
5195, 37
5196, 36
5197, 35
5198, 35
5199, 34
5200, 33
5201, 33
5202, 32
5203, 32
5204, 32
5205, 31
5206, 31
5207, 31
5208, 31
5209, 30
5210, 30
5211, 31
5212, 31
5213, 32
5214, 32
5215, 33
5216, 33
5217, 34
5218, 34
5219, 34
5220, 34
5221, 34
5222, 33
5223, 34
5224, 33
5225, 33
5226, 34
5227, 35
5228, 35
5229, 35
5230, 36
5231, 36
5232, 36
5233, 36
5234, 36
5235, 36
5236, 36
5237, 35
5238, 34
5239, 34
5240, 34
5241, 34
5242, 34
5243, 34
5244, 34
5245, 34
5246, 34
5247, 34
5248, 34
5249, 34
5250, 34
5251, 34
5252, 34
5253, 34
5254, 34
5255, 34
5256, 34
5257, 34
5258, 34
5259, 35
5260, 35
5261, 34
5262, 33
5263, 32
5264, 33
5265, 33
5266, 34
5267, 34
5268, 34
5269, 34
5270, 35
5271, 35
5272, 35
5273, 35
5274, 34
5275, 34
5276, 34
5277, 34
5278, 34
5279, 33
5280, 32
5281, 31
5282, 30
5283, 30
5284, 30
5285, 29
5286, 28
5287, 28
5288, 28
5289, 28
5290, 29
5291, 29
5292, 29
5293, 31
5294, 30
5295, 31
5296, 31
5297, 32
5298, 31
5299, 32
5300, 32
5301, 32
5302, 32
5303, 33
5304, 34
5305, 34
5306, 33
5307, 33
5308, 32
5309, 33
5310, 35
5311, 35
5312, 35
5313, 34
5314, 35
5315, 35
5316, 35
5317, 36
5318, 36
5319, 36
5320, 36
5321, 36
5322, 37
5323, 36
5324, 35
5325, 35
5326, 36
5327, 36
5328, 36
5329, 36
5330, 36
5331, 36
5332, 36
5333, 36
5334, 35
5335, 35
5336, 36
5337, 36
5338, 35
5339, 35
5340, 36
5341, 37
5342, 37
5343, 36
5344, 36
5345, 36
5346, 36
5347, 36
5348, 36
5349, 36
5350, 35
5351, 35
5352, 35
5353, 35
5354, 34
5355, 34
5356, 34
5357, 34
5358, 34
5359, 35
5360, 35
5361, 36
5362, 35
5363, 36
5364, 36
5365, 35
5366, 35
5367, 35
5368, 35
5369, 35
5370, 34
5371, 34
5372, 33
5373, 32
5374, 32
5375, 32
5376, 31
5377, 31
5378, 32
5379, 32
5380, 31
5381, 31
5382, 31
5383, 31
5384, 32
5385, 32
5386, 34
5387, 34
5388, 34
5389, 34
5390, 34
5391, 34
5392, 34
5393, 34
5394, 35
5395, 35
5396, 35
5397, 35
5398, 35
5399, 35
5400, 34
5401, 33
5402, 33
5403, 33
5404, 33
5405, 33
5406, 33
5407, 33
5408, 33
5409, 34
5410, 34
5411, 34
5412, 33
5413, 32
5414, 33
5415, 33
5416, 34
5417, 34
5418, 33
5419, 32
5420, 31
5421, 31
5422, 32
5423, 33
5424, 33
5425, 33
5426, 33
5427, 33
5428, 32
5429, 32
5430, 33
5431, 33
5432, 32
5433, 32
5434, 32
5435, 33
5436, 32
5437, 31
5438, 32
5439, 33
5440, 34
5441, 33
5442, 33
5443, 32
5444, 32
5445, 32
5446, 32
5447, 32
5448, 32
5449, 32
5450, 32
5451, 31
5452, 33
5453, 33
5454, 33
5455, 33
5456, 34
5457, 34
5458, 34
5459, 34
5460, 34
5461, 34
5462, 34
5463, 33
5464, 33
5465, 33
5466, 34
5467, 34
5468, 35
5469, 35
5470, 35
5471, 34
5472, 34
5473, 34
5474, 34
5475, 33
5476, 33
5477, 34
5478, 34
5479, 34
5480, 35
5481, 35
5482, 35
5483, 35
5484, 34
5485, 34
5486, 34
5487, 33
5488, 32
5489, 32
5490, 32
5491, 32
5492, 31
5493, 31
5494, 33
5495, 33
5496, 32
5497, 32
5498, 33
5499, 33
5500, 33
5501, 33
5502, 33
5503, 33
5504, 33
5505, 34
5506, 33
5507, 32
5508, 33
5509, 33
5510, 33
5511, 33
5512, 32
5513, 33
5514, 32
5515, 33
5516, 34
5517, 34
5518, 35
5519, 36
5520, 36
5521, 38
5522, 38
5523, 38
5524, 38
5525, 37
5526, 37
5527, 36
5528, 36
5529, 36
5530, 35
5531, 36
5532, 36
5533, 36
5534, 37
5535, 37
5536, 37
5537, 37
5538, 37
5539, 36
5540, 36
5541, 36
5542, 36
5543, 36
5544, 37
5545, 36
5546, 35
5547, 35
5548, 35
5549, 35
5550, 35
5551, 35
5552, 35
5553, 35
5554, 35
5555, 35
5556, 35
5557, 34
5558, 33
5559, 33
5560, 33
5561, 33
5562, 34
5563, 34
5564, 34
5565, 33
5566, 33
5567, 34
5568, 34
5569, 34
5570, 34
5571, 34
5572, 33
5573, 33
5574, 34
5575, 33
5576, 33
5577, 33
5578, 32
5579, 32
5580, 32
5581, 32
5582, 32
5583, 31
5584, 32
5585, 32
5586, 33
5587, 34
5588, 35
5589, 35
5590, 34
5591, 34
5592, 34
5593, 34
5594, 36
5595, 36
5596, 36
5597, 36
5598, 36
5599, 35
5600, 35
5601, 34
5602, 34
5603, 33
5604, 33
5605, 33
5606, 33
5607, 33
5608, 33
5609, 32
5610, 32
5611, 32
5612, 32
5613, 33
5614, 32
5615, 32
5616, 32
5617, 32
5618, 32
5619, 32
5620, 31
5621, 31
5622, 31
5623, 31
5624, 31
5625, 31
5626, 31
5627, 31
5628, 30
5629, 30
5630, 31
5631, 30
5632, 31
5633, 30
5634, 30
5635, 29
5636, 29
5637, 29
5638, 28
5639, 28
5640, 29
5641, 29
5642, 30
5643, 31
5644, 31
5645, 31
5646, 31
5647, 32
5648, 32
5649, 32
5650, 33
5651, 33
5652, 33
5653, 33
5654, 33
5655, 35
5656, 35
5657, 35
5658, 34
5659, 34
5660, 33
5661, 32
5662, 32
5663, 33
5664, 33
5665, 33
5666, 33
5667, 33
5668, 33
5669, 33
5670, 32
5671, 33
5672, 34
5673, 34
5674, 34
5675, 34
5676, 33
5677, 33
5678, 32
5679, 34
5680, 34
5681, 35
5682, 35
5683, 35
5684, 35
5685, 34
5686, 34
5687, 33
5688, 32
5689, 31
5690, 32
5691, 32
5692, 33
5693, 33
5694, 32
5695, 31
5696, 31
5697, 32
5698, 32
5699, 32
5700, 32
5701, 32
5702, 31
5703, 33
5704, 32
5705, 32
5706, 34
5707, 34
5708, 34
5709, 34
5710, 34
5711, 33
5712, 32
5713, 33
5714, 33
5715, 34
5716, 33
5717, 32
5718, 32
5719, 33
5720, 34
5721, 33
5722, 32
5723, 32
5724, 32
5725, 31
5726, 32
5727, 32
5728, 31
5729, 31
5730, 32
5731, 32
5732, 32
5733, 32
5734, 32
5735, 32
5736, 32
5737, 31
5738, 31
5739, 31
5740, 30
5741, 29
5742, 29
5743, 29
5744, 29
5745, 29
5746, 29
5747, 29
5748, 28
5749, 27
5750, 27
5751, 28
5752, 28
5753, 28
5754, 28
5755, 28
5756, 28
5757, 30
5758, 30
5759, 30
5760, 30
5761, 30
5762, 29
5763, 29
5764, 30
5765, 30
5766, 31
5767, 30
5768, 30
5769, 30
5770, 29
5771, 29
5772, 29
5773, 29
5774, 30
5775, 30
5776, 30
5777, 30
5778, 30
5779, 30
5780, 30
5781, 30
5782, 29
5783, 29
5784, 30
5785, 29
5786, 30
5787, 29
5788, 28
5789, 29
5790, 29
5791, 30
5792, 31
5793, 30
5794, 29
5795, 29
5796, 30
5797, 30
5798, 30
5799, 29
5800, 28
5801, 28
5802, 28
5803, 28
5804, 27
5805, 27
5806, 27
5807, 26
5808, 26
5809, 26
5810, 26
5811, 26
5812, 26
5813, 26
5814, 27
5815, 27
5816, 27
5817, 28
5818, 28
5819, 28
5820, 28
5821, 28
5822, 27
5823, 28
5824, 28
5825, 28
5826, 30
5827, 30
5828, 30
5829, 30
5830, 31
5831, 30
5832, 30
5833, 29
5834, 30
5835, 31
5836, 30
5837, 30
5838, 30
5839, 31
5840, 31
5841, 32
5842, 32
5843, 33
5844, 33
5845, 33
5846, 34
5847, 34
5848, 34
5849, 34
5850, 33
5851, 33
5852, 34
5853, 34
5854, 34
5855, 34
5856, 34
5857, 34
5858, 33
5859, 33
5860, 34
5861, 34
5862, 34
5863, 34
5864, 34
5865, 34
5866, 35
5867, 36
5868, 36
5869, 36
5870, 35
5871, 35
5872, 35
5873, 34
5874, 34
5875, 34
5876, 33
5877, 33
5878, 33
5879, 32
5880, 32
5881, 32
5882, 31
5883, 30
5884, 30
5885, 30
5886, 30
5887, 31
5888, 31
5889, 30
5890, 30
5891, 30
5892, 30
5893, 30
5894, 30
5895, 30
5896, 31
5897, 31
5898, 31
5899, 30
5900, 31
5901, 31
5902, 31
5903, 31
5904, 32
5905, 32
5906, 33
5907, 34
5908, 34
5909, 33
5910, 33
5911, 34
5912, 34
5913, 36
5914, 36
5915, 35
5916, 35
5917, 35
5918, 36
5919, 35
5920, 36
5921, 36
5922, 36
5923, 35
5924, 34
5925, 34
5926, 33
5927, 33
5928, 34
5929, 34
5930, 34
5931, 34
5932, 34
5933, 33
5934, 33
5935, 32
5936, 33
5937, 33
5938, 32
5939, 32
5940, 33
5941, 34
5942, 35
5943, 35
5944, 35
5945, 36
5946, 36
5947, 36
5948, 35
5949, 35
5950, 36
5951, 36
5952, 36
5953, 36
5954, 36
5955, 35
5956, 36
5957, 35
5958, 34
5959, 34
5960, 34
5961, 34
5962, 34
5963, 33
5964, 32
5965, 32
5966, 31
5967, 31
5968, 31
5969, 31
5970, 31
5971, 32
5972, 32
5973, 32
5974, 32
5975, 32
5976, 32
5977, 33
5978, 33
5979, 33
5980, 33
5981, 33
5982, 32
5983, 32
5984, 33
5985, 32
5986, 33
5987, 32
5988, 31
5989, 31
5990, 31
5991, 30
5992, 31
5993, 30
5994, 30
5995, 31
5996, 30
5997, 30
5998, 30
5999, 29
6000, 29
6001, 28
6002, 28
6003, 27
6004, 27
6005, 28
6006, 30
6007, 30
6008, 31
6009, 31
6010, 30
6011, 31
6012, 30
6013, 30
6014, 30
6015, 30
6016, 30
6017, 30
6018, 29
6019, 29
6020, 29
6021, 29
6022, 29
6023, 30
6024, 29
6025, 28
6026, 28
6027, 28
6028, 28
6029, 29
6030, 29
6031, 31
6032, 31
6033, 31
6034, 31
6035, 31
6036, 31
6037, 31
6038, 31
6039, 32
6040, 32
6041, 33
6042, 32
6043, 32
6044, 31
6045, 32
6046, 32
6047, 32
6048, 32
6049, 32
6050, 32
6051, 32
6052, 31
6053, 30
6054, 31
6055, 31
6056, 32
6057, 32
6058, 31
6059, 31
6060, 31
6061, 31
6062, 30
6063, 30
6064, 30
6065, 30
6066, 29
6067, 29
6068, 30
6069, 30
6070, 30
6071, 30
6072, 31
6073, 31
6074, 31
6075, 32
6076, 31
6077, 32
6078, 34
6079, 33
6080, 32
6081, 33
6082, 34
6083, 33
6084, 33
6085, 34
6086, 33
6087, 32
6088, 32
6089, 32
6090, 32
6091, 32
6092, 31
6093, 31
6094, 30
6095, 30
6096, 30
6097, 30
6098, 30
6099, 29
6100, 29
6101, 29
6102, 30
6103, 30
6104, 29
6105, 29
6106, 29
6107, 30
6108, 29
6109, 29
6110, 30
6111, 30
6112, 30
6113, 30
6114, 30
6115, 31
6116, 31
6117, 31
6118, 31
6119, 31
6120, 31
6121, 32
6122, 32
6123, 32
6124, 33
6125, 35
6126, 35
6127, 35
6128, 35
6129, 35
6130, 35
6131, 36
6132, 35
6133, 34
6134, 34
6135, 34
6136, 34
6137, 33
6138, 34
6139, 34
6140, 34
6141, 34
6142, 34
6143, 34
6144, 33
6145, 33
6146, 33
6147, 33
6148, 33
6149, 33
6150, 33
6151, 34
6152, 33
6153, 33
6154, 33
6155, 33
6156, 33
6157, 32
6158, 31
6159, 31
6160, 32
6161, 32
6162, 32
6163, 33
6164, 33
6165, 32
6166, 33
6167, 33
6168, 33
6169, 33
6170, 33
6171, 33
6172, 33
6173, 33
6174, 32
6175, 32
6176, 32
6177, 32
6178, 32
6179, 32
6180, 31
6181, 31
6182, 31
6183, 33
6184, 33
6185, 32
6186, 32
6187, 33
6188, 32
6189, 32
6190, 32
6191, 34
6192, 34
6193, 33
6194, 34
6195, 35
6196, 35
6197, 34
6198, 35
6199, 34
6200, 34
6201, 34
6202, 34
6203, 34
6204, 34
6205, 34
6206, 33
6207, 33
6208, 32
6209, 32
6210, 33
6211, 32
6212, 32
6213, 31
6214, 31
6215, 31
6216, 32
6217, 32
6218, 32
6219, 32
6220, 33
6221, 35
6222, 36
6223, 37
6224, 37
6225, 37
6226, 37
6227, 37
6228, 36
6229, 35
6230, 35
6231, 36
6232, 36
6233, 36
6234, 35
6235, 35
6236, 35
6237, 35
6238, 34
6239, 33
6240, 33
6241, 34
6242, 35
6243, 36
6244, 37
6245, 37
6246, 37
6247, 37
6248, 38
6249, 37
6250, 36
6251, 36
6252, 36
6253, 36
6254, 36
6255, 36
6256, 36
6257, 36
6258, 35
6259, 34
6260, 33
6261, 33
6262, 33
6263, 33
6264, 32
6265, 32
6266, 31
6267, 32
6268, 33
6269, 33
6270, 33
6271, 33
6272, 33
6273, 33
6274, 33
6275, 33
6276, 33
6277, 34
6278, 33
6279, 34
6280, 33
6281, 33
6282, 34
6283, 34
6284, 35
6285, 35
6286, 35
6287, 35
6288, 37
6289, 37
6290, 37
6291, 37
6292, 37
6293, 37
6294, 37
6295, 37
6296, 36
6297, 36
6298, 37
6299, 36
6300, 36
6301, 36
6302, 36
6303, 35
6304, 34
6305, 33
6306, 33
6307, 33
6308, 33
6309, 33
6310, 33
6311, 34
6312, 35
6313, 36
6314, 38
6315, 38
6316, 38
6317, 38
6318, 38
6319, 38
6320, 38
6321, 39
6322, 38
6323, 37
6324, 36
6325, 36
6326, 36
6327, 36
6328, 36
6329, 35
6330, 35
6331, 34
6332, 34
6333, 34
6334, 34
6335, 34
6336, 34
6337, 34
6338, 34
6339, 35
6340, 35
6341, 34
6342, 34
6343, 34
6344, 33
6345, 33
6346, 33
6347, 34
6348, 34
6349, 35
6350, 35
6351, 37
6352, 37
6353, 37
6354, 37
6355, 38
6356, 37
6357, 37
6358, 37
6359, 37
6360, 37
6361, 37
6362, 37
6363, 37
6364, 37
6365, 37
6366, 37
6367, 37
6368, 37
6369, 37
6370, 38
6371, 39
6372, 39
6373, 40
6374, 40
6375, 39
6376, 39
6377, 39
6378, 39
6379, 39
6380, 38
6381, 38
6382, 37
6383, 37
6384, 37
6385, 36
6386, 35
6387, 35
6388, 36
6389, 35
6390, 35
6391, 36
6392, 36
6393, 36
6394, 36
6395, 36
6396, 35
6397, 35
6398, 34
6399, 34
6400, 33
6401, 33
6402, 32
6403, 33
6404, 33
6405, 32
6406, 32
6407, 31
6408, 30
6409, 29
6410, 28
6411, 27
6412, 27
6413, 27
6414, 27
6415, 26
6416, 26
6417, 26
6418, 26
6419, 26
6420, 26
6421, 25
6422, 25
6423, 25
6424, 25
6425, 25
6426, 24
6427, 23
6428, 22
6429, 22
6430, 23
6431, 23
6432, 23
6433, 24
6434, 24
6435, 24
6436, 23
6437, 23
6438, 23
6439, 22
6440, 22
6441, 21
6442, 21
6443, 21
6444, 20
6445, 20
6446, 20
6447, 20
6448, 20
6449, 19
6450, 19
6451, 18
6452, 18
6453, 18
6454, 19
6455, 19
6456, 19
6457, 20
6458, 19
6459, 19
6460, 18
6461, 18
6462, 17
6463, 18
6464, 17
6465, 16
6466, 17
6467, 18
6468, 19
6469, 19
6470, 20
6471, 20
6472, 19
6473, 19
6474, 19
6475, 19
6476, 18
6477, 18
6478, 18
6479, 19
6480, 20
6481, 19
6482, 20
6483, 20
6484, 20
6485, 21
6486, 21
6487, 21
6488, 20
6489, 20
6490, 19
6491, 20
6492, 20
6493, 21
6494, 21
6495, 21
6496, 21
6497, 22
6498, 22
6499, 22
6500, 22
6501, 21
6502, 21
6503, 21
6504, 21
6505, 21
6506, 22
6507, 22
6508, 22
6509, 24
6510, 24
6511, 24
6512, 25
6513, 25
6514, 25
6515, 24
6516, 24
6517, 24
6518, 24
6519, 25
6520, 25
6521, 24
6522, 24
6523, 24
6524, 24
6525, 24
6526, 24
6527, 23
6528, 24
6529, 24
6530, 25
6531, 25
6532, 24
6533, 24
6534, 24
6535, 24
6536, 24
6537, 25
6538, 26
6539, 25
6540, 25
6541, 25
6542, 27
6543, 27
6544, 27
6545, 27
6546, 26
6547, 27
6548, 27
6549, 27
6550, 27
6551, 26
6552, 26
6553, 26
6554, 25
6555, 26
6556, 27
6557, 28
6558, 29
6559, 30
6560, 30
6561, 29
6562, 29
6563, 29
6564, 29
6565, 28
6566, 28
6567, 28
6568, 28
6569, 28
6570, 28
6571, 27
6572, 28
6573, 29
6574, 30
6575, 29
6576, 31
6577, 31
6578, 31
6579, 31
6580, 31
6581, 31
6582, 30
6583, 30
6584, 31
6585, 31
6586, 30
6587, 30
6588, 30
6589, 30
6590, 30
6591, 31
6592, 32
6593, 31
6594, 31
6595, 31
6596, 32
6597, 31
6598, 31
6599, 30
6600, 29
6601, 29
6602, 29
6603, 29
6604, 29
6605, 29
6606, 29
6607, 30
6608, 30
6609, 30
6610, 30
6611, 30
6612, 30
6613, 31
6614, 31
6615, 31
6616, 31
6617, 30
6618, 30
6619, 30
6620, 30
6621, 30
6622, 29
6623, 29
6624, 29
6625, 29
6626, 29
6627, 29
6628, 29
6629, 29
6630, 28
6631, 28
6632, 28
6633, 28
6634, 27
6635, 28
6636, 30
6637, 30
6638, 30
6639, 29
6640, 28
6641, 28
6642, 27
6643, 26
6644, 27
6645, 27
6646, 27
6647, 27
6648, 27
6649, 28
6650, 28
6651, 28
6652, 29
6653, 29
6654, 30
6655, 30
6656, 30
6657, 30
6658, 29
6659, 29
6660, 28
6661, 29
6662, 28
6663, 30
6664, 32
6665, 32
6666, 32
6667, 32
6668, 31
6669, 31
6670, 31
6671, 31
6672, 31
6673, 32
6674, 32
6675, 31
6676, 30
6677, 31
6678, 31
6679, 31
6680, 31
6681, 31
6682, 30
6683, 30
6684, 31
6685, 31
6686, 32
6687, 32
6688, 32
6689, 32
6690, 32
6691, 33
6692, 33
6693, 33
6694, 34
6695, 34
6696, 35
6697, 34
6698, 34
6699, 35
6700, 35
6701, 35
6702, 35
6703, 35
6704, 35
6705, 35
6706, 36
6707, 36
6708, 36
6709, 36
6710, 36
6711, 36
6712, 35
6713, 35
6714, 35
6715, 35
6716, 35
6717, 35
6718, 36
6719, 36
6720, 35
6721, 35
6722, 35
6723, 34
6724, 34
6725, 33
6726, 33
6727, 33
6728, 33
6729, 32
6730, 31
6731, 30
6732, 30
6733, 30
6734, 31
6735, 30
6736, 30
6737, 31
6738, 32
6739, 32
6740, 31
6741, 30
6742, 30
6743, 29
6744, 28
6745, 28
6746, 27
6747, 27
6748, 28
6749, 28
6750, 28
6751, 29
6752, 29
6753, 29
6754, 29
6755, 29
6756, 28
6757, 30
6758, 30
6759, 30
6760, 30
6761, 30
6762, 30
6763, 30
6764, 30
6765, 30
6766, 29
6767, 29
6768, 29
6769, 29
6770, 28
6771, 28
6772, 29
6773, 29
6774, 29
6775, 29
6776, 28
6777, 29
6778, 29
6779, 29
6780, 29
6781, 29
6782, 29
6783, 29
6784, 30
6785, 31
6786, 31
6787, 31
6788, 30
6789, 30
6790, 29
6791, 29
6792, 28
6793, 27
6794, 27
6795, 27
6796, 26
6797, 26
6798, 26
6799, 26
6800, 28
6801, 27
6802, 27
6803, 27
6804, 27
6805, 27
6806, 29
6807, 29
6808, 28
6809, 28
6810, 29
6811, 29
6812, 29
6813, 29
6814, 30
6815, 30
6816, 30
6817, 30
6818, 30
6819, 29
6820, 29
6821, 29
6822, 28
6823, 28
6824, 29
6825, 31
6826, 32
6827, 31
6828, 32
6829, 32
6830, 31
6831, 31
6832, 30
6833, 30
6834, 29
6835, 30
6836, 29
6837, 28
6838, 28
6839, 29
6840, 29
6841, 29
6842, 30
6843, 30
6844, 30
6845, 31
6846, 31
6847, 32
6848, 32
6849, 33
6850, 33
6851, 33
6852, 33
6853, 33
6854, 34
6855, 34
6856, 34
6857, 34
6858, 34
6859, 34
6860, 33
6861, 33
6862, 33
6863, 33
6864, 33
6865, 33
6866, 32
6867, 33
6868, 33
6869, 34
6870, 35
6871, 34
6872, 34
6873, 35
6874, 35
6875, 35
6876, 34
6877, 34
6878, 34
6879, 35
6880, 35
6881, 35
6882, 35
6883, 35
6884, 34
6885, 33
6886, 33
6887, 33
6888, 32
6889, 33
6890, 33
6891, 33
6892, 33
6893, 32
6894, 32
6895, 31
6896, 31
6897, 30
6898, 30
6899, 30
6900, 30
6901, 30
6902, 30
6903, 30
6904, 30
6905, 31
6906, 31
6907, 30
6908, 31
6909, 31
6910, 32
6911, 32
6912, 32
6913, 31
6914, 33
6915, 32
6916, 33
6917, 32
6918, 32
6919, 33
6920, 33
6921, 33
6922, 33
6923, 32
6924, 32
6925, 32
6926, 32
6927, 32
6928, 34
6929, 35
6930, 35
6931, 35
6932, 35
6933, 35
6934, 35
6935, 35
6936, 35
6937, 34
6938, 34
6939, 33
6940, 33
6941, 32
6942, 32
6943, 32
6944, 31
6945, 31
6946, 31
6947, 32
6948, 32
6949, 33
6950, 33
6951, 33
6952, 34
6953, 33
6954, 32
6955, 31
6956, 30
6957, 29
6958, 29
6959, 29
6960, 29
6961, 29
6962, 29
6963, 29
6964, 30
6965, 30
6966, 29
6967, 29
6968, 29
6969, 29
6970, 29
6971, 30
6972, 30
6973, 30
6974, 30
6975, 29
6976, 30
6977, 32
6978, 32
6979, 33
6980, 32
6981, 32
6982, 32
6983, 32
6984, 32
6985, 32
6986, 32
6987, 33
6988, 33
6989, 33
6990, 33
6991, 32
6992, 32
6993, 34
6994, 33
6995, 33
6996, 33
6997, 33
6998, 33
6999, 33
7000, 32
7001, 32
7002, 32
7003, 33
7004, 33
7005, 33
7006, 33
7007, 33
7008, 34
7009, 34
7010, 34
7011, 34
7012, 35
7013, 35
7014, 35
7015, 34
7016, 34
7017, 35
7018, 35
7019, 35
7020, 35
7021, 35
7022, 36
7023, 36
7024, 36
7025, 36
7026, 36
7027, 36
7028, 36
7029, 36
7030, 35
7031, 35
7032, 35
7033, 35
7034, 35
7035, 34
7036, 34
7037, 34
7038, 34
7039, 33
7040, 33
7041, 32
7042, 32
7043, 32
7044, 31
7045, 30
7046, 30
7047, 30
7048, 30
7049, 30
7050, 30
7051, 29
7052, 29
7053, 28
7054, 28
7055, 28
7056, 28
7057, 29
7058, 29
7059, 29
7060, 28
7061, 28
7062, 28
7063, 28
7064, 28
7065, 28
7066, 28
7067, 28
7068, 27
7069, 28
7070, 28
7071, 28
7072, 28
7073, 27
7074, 26
7075, 26
7076, 26
7077, 26
7078, 27
7079, 26
7080, 26
7081, 26
7082, 26
7083, 26
7084, 27
7085, 27
7086, 27
7087, 27
7088, 26
7089, 27
7090, 28
7091, 28
7092, 28
7093, 28
7094, 28
7095, 28
7096, 28
7097, 28
7098, 28
7099, 28
7100, 28
7101, 29
7102, 29
7103, 30
7104, 30
7105, 30
7106, 30
7107, 30
7108, 30
7109, 30
7110, 30
7111, 30
7112, 30
7113, 30
7114, 30
7115, 30
7116, 31
7117, 31
7118, 31
7119, 32
7120, 32
7121, 31
7122, 31
7123, 30
7124, 30
7125, 31
7126, 30
7127, 30
7128, 30
7129, 30
7130, 30
7131, 30
7132, 30
7133, 31
7134, 31
7135, 30
7136, 30
7137, 30
7138, 30
7139, 30
7140, 30
7141, 30
7142, 31
7143, 31
7144, 31
7145, 31
7146, 31
7147, 30
7148, 30
7149, 29
7150, 29
7151, 30
7152, 30
7153, 30
7154, 31
7155, 31
7156, 32
7157, 32
7158, 31
7159, 31
7160, 31
7161, 32
7162, 33
7163, 33
7164, 33
7165, 33
7166, 34
7167, 34
7168, 34
7169, 34
7170, 34
7171, 34
7172, 33
7173, 33
7174, 33
7175, 33
7176, 32
7177, 32
7178, 32
7179, 32
7180, 32
7181, 32
7182, 32
7183, 32
7184, 32
7185, 32
7186, 34
7187, 33
7188, 33
7189, 34
7190, 33
7191, 33
7192, 32
7193, 32
7194, 32
7195, 31
7196, 31
7197, 31
7198, 31
7199, 31
7200, 31
7201, 31
7202, 31
7203, 31
7204, 33
7205, 33
7206, 34
7207, 34
7208, 33
7209, 33
7210, 32
7211, 32
7212, 33
7213, 32
7214, 31
7215, 31
7216, 31
7217, 31
7218, 31
7219, 30
7220, 30
7221, 30
7222, 30
7223, 29
7224, 30
7225, 30
7226, 29
7227, 28
7228, 27
7229, 26
7230, 25
7231, 25
7232, 25
7233, 24
7234, 23
7235, 22
7236, 24
7237, 24
7238, 23
7239, 23
7240, 23
7241, 24
7242, 24
7243, 26
7244, 26
7245, 26
7246, 27
7247, 27
7248, 26
7249, 27
7250, 27
7251, 27
7252, 27
7253, 27
7254, 27
7255, 28
7256, 29
7257, 29
7258, 29
7259, 29
7260, 30
7261, 30
7262, 29
7263, 29
7264, 29
7265, 30
7266, 29
7267, 28
7268, 28
7269, 28
7270, 27
7271, 28
7272, 28
7273, 28
7274, 28
7275, 28
7276, 28
7277, 29
7278, 29
7279, 28
7280, 29
7281, 28
7282, 29
7283, 28
7284, 27
7285, 26
7286, 27
7287, 27
7288, 27
7289, 27
7290, 27
7291, 27
7292, 27
7293, 27
7294, 27
7295, 28
7296, 28
7297, 27
7298, 27
7299, 27
7300, 29
7301, 29
7302, 29
7303, 29
7304, 30
7305, 30
7306, 30
7307, 31
7308, 31
7309, 31
7310, 32
7311, 32
7312, 32
7313, 32
7314, 32
7315, 33
7316, 34
7317, 33
7318, 33
7319, 32
7320, 31
7321, 31
7322, 31
7323, 32
7324, 33
7325, 33
7326, 32
7327, 32
7328, 32
7329, 31
7330, 31
7331, 30
7332, 30
7333, 30
7334, 30
7335, 30
7336, 30
7337, 31
7338, 31
7339, 31
7340, 31
7341, 31
7342, 31
7343, 31
7344, 31
7345, 30
7346, 30
7347, 30
7348, 30
7349, 30
7350, 30
7351, 32
7352, 32
7353, 32
7354, 31
7355, 31
7356, 32
7357, 31
7358, 30
7359, 30
7360, 31
7361, 30
7362, 31
7363, 31
7364, 30
7365, 30
7366, 30
7367, 30
7368, 30
7369, 31
7370, 31
7371, 32
7372, 32
7373, 32
7374, 32
7375, 31
7376, 31
7377, 31
7378, 31
7379, 31
7380, 31
7381, 31
7382, 32
7383, 32
7384, 32
7385, 32
7386, 32
7387, 31
7388, 31
7389, 32
7390, 32
7391, 32
7392, 32
7393, 32
7394, 32
7395, 32
7396, 32
7397, 33
7398, 33
7399, 33
7400, 32
7401, 33
7402, 33
7403, 32
7404, 32
7405, 32
7406, 33
7407, 33
7408, 33
7409, 33
7410, 33
7411, 33
7412, 33
7413, 33
7414, 33
7415, 34
7416, 34
7417, 34
7418, 34
7419, 34
7420, 33
7421, 34
7422, 33
7423, 34
7424, 33
7425, 32
7426, 33
7427, 33
7428, 33
7429, 33
7430, 32
7431, 32
7432, 32
7433, 32
7434, 32
7435, 32
7436, 32
7437, 32
7438, 32
7439, 32
7440, 32
7441, 32
7442, 32
7443, 32
7444, 32
7445, 32
7446, 32
7447, 32
7448, 32
7449, 32
7450, 31
7451, 31
7452, 31
7453, 31
7454, 31
7455, 31
7456, 32
7457, 33
7458, 33
7459, 33
7460, 33
7461, 33
7462, 33
7463, 33
7464, 33
7465, 33
7466, 33
7467, 33
7468, 33
7469, 34
7470, 34
7471, 34
7472, 34
7473, 33
7474, 32
7475, 32
7476, 33
7477, 32
7478, 31
7479, 31
7480, 31
7481, 31
7482, 30
7483, 31
7484, 31
7485, 32
7486, 31
7487, 31
7488, 31
7489, 31
7490, 30
7491, 29
7492, 29
7493, 29
7494, 30
7495, 31
7496, 31
7497, 31
7498, 31
7499, 32
7500, 33
7501, 33
7502, 32
7503, 32
7504, 31
7505, 31
7506, 31
7507, 31
7508, 30
7509, 31
7510, 30
7511, 30
7512, 30
7513, 30
7514, 29
7515, 29
7516, 30
7517, 30
7518, 29
7519, 29
7520, 28
7521, 29
7522, 30
7523, 30
7524, 29
7525, 29
7526, 29
7527, 28
7528, 28
7529, 28
7530, 28
7531, 27
7532, 27
7533, 27
7534, 27
7535, 27
7536, 27
7537, 27
7538, 27
7539, 27
7540, 28
7541, 29
7542, 29
7543, 29
7544, 29
7545, 29
7546, 29
7547, 30
7548, 30
7549, 31
7550, 31
7551, 30
7552, 31
7553, 31
7554, 31
7555, 30
7556, 30
7557, 31
7558, 30
7559, 30
7560, 30
7561, 30
7562, 30
7563, 30
7564, 30
7565, 30
7566, 31
7567, 31
7568, 31
7569, 31
7570, 32
7571, 32
7572, 32
7573, 32
7574, 31
7575, 31
7576, 30
7577, 29
7578, 30
7579, 30
7580, 30
7581, 29
7582, 29
7583, 28
7584, 28
7585, 27
7586, 26
7587, 28
7588, 28
7589, 28
7590, 29
7591, 29
7592, 29
7593, 29
7594, 29
7595, 29
7596, 29
7597, 29
7598, 28
7599, 28
7600, 28
7601, 28
7602, 28
7603, 28
7604, 28
7605, 27
7606, 26
7607, 25
7608, 25
7609, 24
7610, 24
7611, 24
7612, 25
7613, 25
7614, 26
7615, 27
7616, 27
7617, 26
7618, 26
7619, 26
7620, 26
7621, 26
7622, 26
7623, 25
7624, 25
7625, 25
7626, 27
7627, 27
7628, 26
7629, 26
7630, 26
7631, 26
7632, 26
7633, 26
7634, 26
7635, 26
7636, 25
7637, 25
7638, 25
7639, 25
7640, 24
7641, 23
7642, 22
7643, 23
7644, 24
7645, 24
7646, 25
7647, 27
7648, 28
7649, 27
7650, 27
7651, 27
7652, 27
7653, 26
7654, 26
7655, 25
7656, 26
7657, 26
7658, 26
7659, 26
7660, 25
7661, 24
7662, 24
7663, 23
7664, 24
7665, 23
7666, 23
7667, 24
7668, 24
7669, 23
7670, 24
7671, 26
7672, 26
7673, 26
7674, 28
7675, 28
7676, 28
7677, 29
7678, 30
7679, 30
7680, 30
7681, 30
7682, 30
7683, 30
7684, 29
7685, 29
7686, 29
7687, 29
7688, 29
7689, 30
7690, 30
7691, 29
7692, 29
7693, 29
7694, 28
7695, 28
7696, 28
7697, 28
7698, 28
7699, 28
7700, 28
7701, 27
7702, 27
7703, 27
7704, 27
7705, 27
7706, 26
7707, 26
7708, 26
7709, 26
7710, 26
7711, 26
7712, 26
7713, 26
7714, 26
7715, 26
7716, 27
7717, 27
7718, 28
7719, 28
7720, 27
7721, 27
7722, 27
7723, 28
7724, 28
7725, 28
7726, 29
7727, 30
7728, 31
7729, 31
7730, 31
7731, 31
7732, 31
7733, 31
7734, 30
7735, 29
7736, 30
7737, 29
7738, 28
7739, 28
7740, 29
7741, 29
7742, 29
7743, 29
7744, 30
7745, 29
7746, 30
7747, 30
7748, 30
7749, 30
7750, 30
7751, 30
7752, 29
7753, 28
7754, 27
7755, 27
7756, 28
7757, 27
7758, 27
7759, 26
7760, 26
7761, 26
7762, 27
7763, 27
7764, 27
7765, 27
7766, 27
7767, 28
7768, 28
7769, 28
7770, 28
7771, 28
7772, 28
7773, 27
7774, 27
7775, 26
7776, 26
7777, 25
7778, 24
7779, 24
7780, 23
7781, 23
7782, 23
7783, 22
7784, 22
7785, 21
7786, 22
7787, 21
7788, 21
7789, 21
7790, 22
7791, 22
7792, 22
7793, 21
7794, 22
7795, 22
7796, 22
7797, 21
7798, 21
7799, 21
7800, 21
7801, 21
7802, 21
7803, 22
7804, 23
7805, 25
7806, 25
7807, 25
7808, 25
7809, 25
7810, 25
7811, 25
7812, 25
7813, 25
7814, 25
7815, 25
7816, 25
7817, 25
7818, 24
7819, 24
7820, 24
7821, 24
7822, 24
7823, 24
7824, 24
7825, 25
7826, 25
7827, 24
7828, 24
7829, 24
7830, 26
7831, 26
7832, 27
7833, 28
7834, 28
7835, 28
7836, 28
7837, 28
7838, 28
7839, 28
7840, 28
7841, 29
7842, 29
7843, 29
7844, 29
7845, 29
7846, 29
7847, 29
7848, 29
7849, 29
7850, 29
7851, 30
7852, 29
7853, 29
7854, 28
7855, 28
7856, 29
7857, 29
7858, 29
7859, 29
7860, 29
7861, 30
7862, 30
7863, 30
7864, 30
7865, 30
7866, 30
7867, 29
7868, 29
7869, 29
7870, 30
7871, 30
7872, 30
7873, 31
7874, 30
7875, 30
7876, 30
7877, 30
7878, 31
7879, 32
7880, 31
7881, 31
7882, 30
7883, 30
7884, 30
7885, 32
7886, 32
7887, 31
7888, 31
7889, 30
7890, 29
7891, 29
7892, 29
7893, 29
7894, 29
7895, 29
7896, 31
7897, 30
7898, 29
7899, 29
7900, 29
7901, 28
7902, 30
7903, 29
7904, 28
7905, 28
7906, 28
7907, 28
7908, 29
7909, 30
7910, 31
7911, 31
7912, 31
7913, 30
7914, 29
7915, 28
7916, 28
7917, 27
7918, 28
7919, 28
7920, 27
7921, 27
7922, 28
7923, 28
7924, 30
7925, 30
7926, 30
7927, 29
7928, 29
7929, 29
7930, 29
7931, 30
7932, 30
7933, 30
7934, 31
7935, 32
7936, 32
7937, 32
7938, 32
7939, 31
7940, 32
7941, 31
7942, 32
7943, 32
7944, 33
7945, 33
7946, 34
7947, 33
7948, 33
7949, 32
7950, 33
7951, 32
7952, 32
7953, 32
7954, 33
7955, 34
7956, 34
7957, 34
7958, 34
7959, 34
7960, 34
7961, 33
7962, 33
7963, 33
7964, 33
7965, 33
7966, 33
7967, 34
7968, 33
7969, 32
7970, 33
7971, 32
7972, 32
7973, 32
7974, 33
7975, 33
7976, 33
7977, 32
7978, 31
7979, 31
7980, 30
7981, 30
7982, 30
7983, 30
7984, 30
7985, 29
7986, 29
7987, 29
7988, 29
7989, 30
7990, 30
7991, 30
7992, 30
7993, 30
7994, 29
7995, 29
7996, 31
7997, 31
7998, 31
7999, 31
8000, 31
8001, 31
8002, 31
8003, 31
8004, 31
8005, 31
8006, 33
8007, 33
8008, 32
8009, 32
8010, 32
8011, 32
8012, 33
8013, 32
8014, 33
8015, 33
8016, 34
8017, 34
8018, 33
8019, 33
8020, 33
8021, 33
8022, 33
8023, 33
8024, 33
8025, 32
8026, 32
8027, 34
8028, 34
8029, 34
8030, 34
8031, 34
8032, 34
8033, 34
8034, 34
8035, 34
8036, 34
8037, 33
8038, 32
8039, 32
8040, 32
8041, 32
8042, 32
8043, 32
8044, 31
8045, 31
8046, 31
8047, 31
8048, 33
8049, 32
8050, 33
8051, 33
8052, 33
8053, 33
8054, 33
8055, 33
8056, 33
8057, 32
8058, 32
8059, 32
8060, 32
8061, 32
8062, 33
8063, 33
8064, 32
8065, 32
8066, 33
8067, 34
8068, 33
8069, 33
8070, 33
8071, 33
8072, 33
8073, 34
8074, 34
8075, 34
8076, 34
8077, 34
8078, 34
8079, 35
8080, 35
8081, 35
8082, 34
8083, 34
8084, 34
8085, 34
8086, 34
8087, 34
8088, 34
8089, 35
8090, 35
8091, 35
8092, 35
8093, 36
8094, 36
8095, 35
8096, 37
8097, 36
8098, 36
8099, 36
8100, 35
8101, 34
8102, 34
8103, 33
8104, 33
8105, 33
8106, 34
8107, 34
8108, 35
8109, 35
8110, 34
8111, 34
8112, 33
8113, 32
8114, 33
8115, 33
8116, 32
8117, 31
8118, 32
8119, 31
8120, 32
8121, 31
8122, 30
8123, 30
8124, 29
8125, 29
8126, 31
8127, 32
8128, 33
8129, 33
8130, 34
8131, 33
8132, 34
8133, 34
8134, 34
8135, 34
8136, 34
8137, 34
8138, 34
8139, 34
8140, 35
8141, 34
8142, 34
8143, 33
8144, 33
8145, 33
8146, 35
8147, 35
8148, 36
8149, 36
8150, 36
8151, 36
8152, 36
8153, 35
8154, 35
8155, 34
8156, 34
8157, 35
8158, 35
8159, 35
8160, 35
8161, 36
8162, 37
8163, 37
8164, 38
8165, 38
8166, 38
8167, 38
8168, 37
8169, 38
8170, 38
8171, 37
8172, 37
8173, 37
8174, 37
8175, 37
8176, 37
8177, 37
8178, 37
8179, 37
8180, 37
8181, 37
8182, 38
8183, 38
8184, 38
8185, 38
8186, 37
8187, 37
8188, 37
8189, 37
8190, 37
8191, 37
8192, 37
8193, 37
8194, 36
8195, 36
8196, 36
8197, 35
8198, 36
8199, 37
8200, 37
8201, 37
8202, 37
8203, 37
8204, 37
8205, 37
8206, 36
8207, 35
8208, 35
8209, 34
8210, 34
8211, 35
8212, 35
8213, 35
8214, 36
8215, 36
8216, 35
8217, 35
8218, 35
8219, 34
8220, 34
8221, 35
8222, 36
8223, 36
8224, 36
8225, 36
8226, 36
8227, 36
8228, 36
8229, 36
8230, 36
8231, 36
8232, 36
8233, 35
8234, 35
8235, 34
8236, 34
8237, 34
8238, 34
8239, 33
8240, 34
8241, 33
8242, 32
8243, 32
8244, 32
8245, 32
8246, 32
8247, 31
8248, 30
8249, 30
8250, 31
8251, 31
8252, 32
8253, 32
8254, 31
8255, 31
8256, 31
8257, 30
8258, 29
8259, 29
8260, 29
8261, 30
8262, 30
8263, 31
8264, 30
8265, 29
8266, 30
8267, 30
8268, 30
8269, 30
8270, 30
8271, 30
8272, 29
8273, 29
8274, 28
8275, 28
8276, 27
8277, 26
8278, 26
8279, 26
8280, 28
8281, 28
8282, 28
8283, 28
8284, 27
8285, 27
8286, 27
8287, 28
8288, 28
8289, 27
8290, 27
8291, 28
8292, 28
8293, 27
8294, 28
8295, 29
8296, 28
8297, 29
8298, 28
8299, 28
8300, 29
8301, 30
8302, 30
8303, 30
8304, 30
8305, 30
8306, 30
8307, 32
8308, 31
8309, 32
8310, 32
8311, 32
8312, 32
8313, 32
8314, 32
8315, 32
8316, 31
8317, 31
8318, 31
8319, 33
8320, 32
8321, 32
8322, 32
8323, 32
8324, 32
8325, 32
8326, 34
8327, 35
8328, 34
8329, 34
8330, 33
8331, 32
8332, 32
8333, 32
8334, 33
8335, 33
8336, 33
8337, 33
8338, 34
8339, 33
8340, 33
8341, 34
8342, 34
8343, 35
8344, 34
8345, 33
8346, 33
8347, 33
8348, 32
8349, 31
8350, 32
8351, 31
8352, 30
8353, 30
8354, 29
8355, 29
8356, 30
8357, 30
8358, 29
8359, 29
8360, 29
8361, 29
8362, 28
8363, 27
8364, 27
8365, 28
8366, 28
8367, 28
8368, 27
8369, 27
8370, 28
8371, 28
8372, 28
8373, 27
8374, 26
8375, 25
8376, 24
8377, 24
8378, 26
8379, 26
8380, 26
8381, 26
8382, 26
8383, 25
8384, 26
8385, 25
8386, 25
8387, 25
8388, 26
8389, 26
8390, 26
8391, 26
8392, 27
8393, 27
8394, 27
8395, 26
8396, 25
8397, 25
8398, 25
8399, 25
8400, 24
8401, 25
8402, 25
8403, 25
8404, 24
8405, 24
8406, 25
8407, 25
8408, 24
8409, 25
8410, 25
8411, 25
8412, 24
8413, 25
8414, 24
8415, 24
8416, 24
8417, 24
8418, 26
8419, 25
8420, 26
8421, 26
8422, 26
8423, 26
8424, 27
8425, 28
8426, 28
8427, 29
8428, 29
8429, 29
8430, 29
8431, 29
8432, 29
8433, 29
8434, 29
8435, 29
8436, 29
8437, 29
8438, 29
8439, 29
8440, 29
8441, 30
8442, 30
8443, 30
8444, 30
8445, 30
8446, 30
8447, 30
8448, 30
8449, 31
8450, 31
8451, 31
8452, 31
8453, 31
8454, 31
8455, 31
8456, 30
8457, 30
8458, 30
8459, 30
8460, 30
8461, 30
8462, 30
8463, 30
8464, 30
8465, 30
8466, 30
8467, 30
8468, 30
8469, 30
8470, 30
8471, 29
8472, 28
8473, 27
8474, 26
8475, 26
8476, 25
8477, 24
8478, 24
8479, 23
8480, 23
8481, 22
8482, 22
8483, 22
8484, 22
8485, 22
8486, 23
8487, 23
8488, 23
8489, 24
8490, 24
8491, 24
8492, 26
8493, 26
8494, 26
8495, 26
8496, 26
8497, 26
8498, 26
8499, 26
8500, 26
8501, 25
8502, 25
8503, 24
8504, 25
8505, 25
8506, 25
8507, 25
8508, 26
8509, 26
8510, 27
8511, 27
8512, 28
8513, 28
8514, 28
8515, 28
8516, 28
8517, 28
8518, 28
8519, 29
8520, 29
8521, 29
8522, 29
8523, 28
8524, 28
8525, 28
8526, 28
8527, 28
8528, 28
8529, 29
8530, 29
8531, 29
8532, 30
8533, 30
8534, 30
8535, 30
8536, 30
8537, 30
8538, 32
8539, 32
8540, 32
8541, 31
8542, 31
8543, 31
8544, 31
8545, 31
8546, 30
8547, 31
8548, 31
8549, 31
8550, 31
8551, 31
8552, 31
8553, 32
8554, 32
8555, 32
8556, 32
8557, 32
8558, 33
8559, 33
8560, 32
8561, 31
8562, 32
8563, 33
8564, 34
8565, 34
8566, 35
8567, 35
8568, 35
8569, 36
8570, 37
8571, 36
8572, 36
8573, 35
8574, 34
8575, 34
8576, 34
8577, 34
8578, 34
8579, 33
8580, 32
8581, 32
8582, 32
8583, 33
8584, 33
8585, 33
8586, 33
8587, 33
8588, 33
8589, 34
8590, 34
8591, 34
8592, 35
8593, 34
8594, 34
8595, 34
8596, 34
8597, 34
8598, 34
8599, 33
8600, 33
8601, 33
8602, 34
8603, 34
8604, 34
8605, 34
8606, 34
8607, 34
8608, 34
8609, 33
8610, 33
8611, 33
8612, 33
8613, 32
8614, 32
8615, 31
8616, 33
8617, 33
8618, 34
8619, 35
8620, 35
8621, 34
8622, 34
8623, 34
8624, 35
8625, 34
8626, 34
8627, 34
8628, 34
8629, 34
8630, 33
8631, 33
8632, 32
8633, 31
8634, 31
8635, 31
8636, 32
8637, 33
8638, 32
8639, 32
8640, 33
8641, 33
8642, 33
8643, 33
8644, 33
8645, 33
8646, 34
8647, 33
8648, 34
8649, 34
8650, 34
8651, 34
8652, 34
8653, 33
8654, 32
8655, 32
8656, 32
8657, 32
8658, 32
8659, 31
8660, 30
8661, 31
8662, 31
8663, 33
8664, 34
8665, 34
8666, 34
8667, 33
8668, 32
8669, 32
8670, 31
8671, 31
8672, 31
8673, 31
8674, 32
8675, 32
8676, 32
8677, 32
8678, 31
8679, 31
8680, 31
8681, 31
8682, 31
8683, 30
8684, 30
8685, 31
8686, 31
8687, 31
8688, 31
8689, 31
8690, 32
8691, 32
8692, 31
8693, 31
8694, 31
8695, 32
8696, 32
8697, 31
8698, 31
8699, 31
8700, 30
8701, 30
8702, 30
8703, 31
8704, 31
8705, 32
8706, 33
8707, 33
8708, 33
8709, 33
8710, 33
8711, 33
8712, 33
8713, 33
8714, 32
8715, 32
8716, 31
8717, 31
8718, 30
8719, 30
8720, 30
8721, 31
8722, 32
8723, 32
8724, 31
8725, 31
8726, 31
8727, 31
8728, 31
8729, 32
8730, 32
8731, 33
8732, 32
8733, 32
8734, 32
8735, 32
8736, 31
8737, 31
8738, 30
8739, 30
8740, 30
8741, 30
8742, 31
8743, 31
8744, 31
8745, 31
8746, 31
8747, 31
8748, 31
8749, 32
8750, 32
8751, 33
8752, 33
8753, 33
8754, 33
8755, 33
8756, 34
8757, 34
8758, 34
8759, 35
8760, 36
8761, 36
8762, 37
8763, 37
8764, 37
8765, 38
8766, 37
8767, 37
8768, 37
8769, 37
8770, 37
8771, 36
8772, 36
8773, 36
8774, 37
8775, 37
8776, 38
8777, 38
8778, 37
8779, 38
8780, 38
8781, 37
8782, 36
8783, 37
8784, 37
8785, 37
8786, 38
8787, 37
8788, 37
8789, 37
8790, 36
8791, 36
8792, 36
8793, 35
8794, 34
8795, 34
8796, 34
8797, 33
8798, 33
8799, 34
8800, 35
8801, 35
8802, 35
8803, 34
8804, 34
8805, 34
8806, 34
8807, 36
8808, 37
8809, 37
8810, 36
8811, 36
8812, 37
8813, 37
8814, 37
8815, 37
8816, 36
8817, 36
8818, 36
8819, 36
8820, 36
8821, 36
8822, 36
8823, 36
8824, 35
8825, 35
8826, 34
8827, 34
8828, 34
8829, 34
8830, 35
8831, 36
8832, 36
8833, 36
8834, 36
8835, 37
8836, 37
8837, 37
8838, 36
8839, 35
8840, 35
8841, 35
8842, 35
8843, 35
8844, 35
8845, 35
8846, 34
8847, 33
8848, 33
8849, 33
8850, 33
8851, 33
8852, 32
8853, 32
8854, 31
8855, 31
8856, 31
8857, 32
8858, 32
8859, 32
8860, 32
8861, 32
8862, 32
8863, 32
8864, 32
8865, 32
8866, 32
8867, 34
8868, 35
8869, 35
8870, 35
8871, 36
8872, 36
8873, 36
8874, 35
8875, 35
8876, 35
8877, 35
8878, 35
8879, 35
8880, 35
8881, 35
8882, 36
8883, 36
8884, 36
8885, 36
8886, 36
8887, 36
8888, 36
8889, 36
8890, 36
8891, 36
8892, 36
8893, 35
8894, 35
8895, 35
8896, 35
8897, 35
8898, 35
8899, 34
8900, 35
8901, 35
8902, 34
8903, 34
8904, 33
8905, 33
8906, 33
8907, 33
8908, 34
8909, 34
8910, 33
8911, 34
8912, 34
8913, 35
8914, 34
8915, 34
8916, 34
8917, 34
8918, 34
8919, 33
8920, 33
8921, 33
8922, 33
8923, 32
8924, 32
8925, 31
8926, 30
8927, 30
8928, 30
8929, 30
8930, 31
8931, 31
8932, 32
8933, 31
8934, 31
8935, 31
8936, 31
8937, 32
8938, 33
8939, 32
8940, 32
8941, 31
8942, 30
8943, 30
8944, 30
8945, 30
8946, 30
8947, 31
8948, 31
8949, 31
8950, 31
8951, 31
8952, 30
8953, 30
8954, 30
8955, 31
8956, 30
8957, 29
8958, 30
8959, 30
8960, 30
8961, 30
8962, 31
8963, 30
8964, 30
8965, 30
8966, 31
8967, 31
8968, 31
8969, 31
8970, 31
8971, 31
8972, 31
8973, 32
8974, 32
8975, 31
8976, 33
8977, 34
8978, 34
8979, 35
8980, 35
8981, 35
8982, 35
8983, 36
8984, 36
8985, 35
8986, 35
8987, 36
8988, 36
8989, 36
8990, 36
8991, 36
8992, 35
8993, 35
8994, 35
8995, 35
8996, 35
8997, 35
8998, 36
8999, 36
9000, 36
9001, 36
9002, 36
9003, 37
9004, 37
9005, 37
9006, 38
9007, 37
9008, 36
9009, 36
9010, 36
9011, 36
9012, 36
9013, 36
9014, 36
9015, 35
9016, 34
9017, 34
9018, 35
9019, 36
9020, 36
9021, 37
9022, 36
9023, 36
9024, 35
9025, 34
9026, 34
9027, 33
9028, 33
9029, 32
9030, 32
9031, 31
9032, 30
9033, 30
9034, 30
9035, 31
9036, 31
9037, 31
9038, 31
9039, 31
9040, 32
9041, 32
9042, 32
9043, 33
9044, 32
9045, 32
9046, 32
9047, 33
9048, 33
9049, 33
9050, 34
9051, 33
9052, 33
9053, 33
9054, 32
9055, 32
9056, 33
9057, 34
9058, 34
9059, 34
9060, 34
9061, 34
9062, 34
9063, 33
9064, 33
9065, 32
9066, 32
9067, 32
9068, 32
9069, 33
9070, 33
9071, 34
9072, 34
9073, 34
9074, 34
9075, 34
9076, 34
9077, 34
9078, 33
9079, 33
9080, 32
9081, 32
9082, 32
9083, 31
9084, 31
9085, 30
9086, 30
9087, 30
9088, 30
9089, 31
9090, 30
9091, 30
9092, 31
9093, 32
9094, 32
9095, 32
9096, 32
9097, 32
9098, 32
9099, 32
9100, 32
9101, 32
9102, 32
9103, 32
9104, 32
9105, 32
9106, 31
9107, 31
9108, 31
9109, 31
9110, 30
9111, 30
9112, 31
9113, 31
9114, 30
9115, 31
9116, 31
9117, 31
9118, 32
9119, 31
9120, 31
9121, 32
9122, 32
9123, 32
9124, 33
9125, 33
9126, 32
9127, 31
9128, 31
9129, 30
9130, 32
9131, 31
9132, 30
9133, 30
9134, 30
9135, 31
9136, 32
9137, 32
9138, 32
9139, 32
9140, 33
9141, 34
9142, 34
9143, 34
9144, 34
9145, 34
9146, 34
9147, 34
9148, 33
9149, 34
9150, 34
9151, 34
9152, 35
9153, 35
9154, 35
9155, 35
9156, 34
9157, 34
9158, 33
9159, 33
9160, 32
9161, 31
9162, 30
9163, 29
9164, 30
9165, 30
9166, 31
9167, 30
9168, 30
9169, 30
9170, 32
9171, 34
9172, 34
9173, 34
9174, 34
9175, 35
9176, 35
9177, 35
9178, 35
9179, 36
9180, 36
9181, 37
9182, 37
9183, 37
9184, 36
9185, 36
9186, 37
9187, 37
9188, 37
9189, 37
9190, 37
9191, 37
9192, 37
9193, 37
9194, 36
9195, 35
9196, 35
9197, 35
9198, 36
9199, 37
9200, 38
9201, 37
9202, 38
9203, 38
9204, 39
9205, 39
9206, 40
9207, 40
9208, 40
9209, 40
9210, 40
9211, 40
9212, 40
9213, 40
9214, 40
9215, 40
9216, 39
9217, 38
9218, 38
9219, 38
9220, 38
9221, 38
9222, 38
9223, 38
9224, 38
9225, 38
9226, 38
9227, 38
9228, 37
9229, 37
9230, 38
9231, 38
9232, 38
9233, 38
9234, 38
9235, 37
9236, 36
9237, 36
9238, 35
9239, 35
9240, 34
9241, 34
9242, 33
9243, 33
9244, 32
9245, 31
9246, 31
9247, 31
9248, 30
9249, 30
9250, 30
9251, 31
9252, 32
9253, 31
9254, 30
9255, 30
9256, 31
9257, 31
9258, 32
9259, 32
9260, 33
9261, 32
9262, 33
9263, 34
9264, 34
9265, 34
9266, 34
9267, 35
9268, 35
9269, 34
9270, 34
9271, 34
9272, 35
9273, 35
9274, 35
9275, 34
9276, 33
9277, 33
9278, 32
9279, 33
9280, 33
9281, 33
9282, 33
9283, 33
9284, 32
9285, 32
9286, 32
9287, 31
9288, 31
9289, 31
9290, 31
9291, 31
9292, 31
9293, 30
9294, 29
9295, 30
9296, 30
9297, 30
9298, 29
9299, 29
9300, 30
9301, 32
9302, 32
9303, 32
9304, 32
9305, 31
9306, 31
9307, 32
9308, 32
9309, 32
9310, 32
9311, 32
9312, 33
9313, 33
9314, 34
9315, 34
9316, 34
9317, 34
9318, 34
9319, 35
9320, 34
9321, 35
9322, 35
9323, 35
9324, 34
9325, 33
9326, 33
9327, 33
9328, 33
9329, 34
9330, 33
9331, 34
9332, 34
9333, 34
9334, 34
9335, 35
9336, 34
9337, 34
9338, 34
9339, 34
9340, 34
9341, 34
9342, 34
9343, 34
9344, 34
9345, 34
9346, 34
9347, 34
9348, 34
9349, 33
9350, 33
9351, 33
9352, 33
9353, 32
9354, 32
9355, 32
9356, 32
9357, 32
9358, 31
9359, 32
9360, 31
9361, 31
9362, 31
9363, 31
9364, 31
9365, 30
9366, 31
9367, 30
9368, 30
9369, 30
9370, 31
9371, 31
9372, 32
9373, 32
9374, 32
9375, 32
9376, 32
9377, 31
9378, 31
9379, 31
9380, 32
9381, 32
9382, 32
9383, 31
9384, 31
9385, 31
9386, 31
9387, 31
9388, 30
9389, 31
9390, 30
9391, 29
9392, 29
9393, 28
9394, 29
9395, 28
9396, 30
9397, 30
9398, 31
9399, 31
9400, 31
9401, 31
9402, 33
9403, 34
9404, 35
9405, 35
9406, 34
9407, 34
9408, 34
9409, 34
9410, 33
9411, 33
9412, 33
9413, 33
9414, 33
9415, 34
9416, 34
9417, 34
9418, 33
9419, 32
9420, 33
9421, 32
9422, 32
9423, 33
9424, 33
9425, 32
9426, 32
9427, 31
9428, 32
9429, 32
9430, 32
9431, 31
9432, 30
9433, 30
9434, 30
9435, 31
9436, 32
9437, 31
9438, 31
9439, 31
9440, 31
9441, 31
9442, 31
9443, 31
9444, 30
9445, 29
9446, 29
9447, 29
9448, 28
9449, 28
9450, 29
9451, 29
9452, 29
9453, 28
9454, 28
9455, 29
9456, 28
9457, 29
9458, 30
9459, 32
9460, 32
9461, 32
9462, 31
9463, 30
9464, 29
9465, 30
9466, 30
9467, 30
9468, 31
9469, 32
9470, 33
9471, 33
9472, 32
9473, 31
9474, 31
9475, 32
9476, 32
9477, 32
9478, 32
9479, 32
9480, 32
9481, 33
9482, 32
9483, 32
9484, 32
9485, 32
9486, 31
9487, 31
9488, 31
9489, 31
9490, 32
9491, 32
9492, 32
9493, 33
9494, 33
9495, 32
9496, 32
9497, 32
9498, 32
9499, 32
9500, 33
9501, 33
9502, 33
9503, 34
9504, 34
9505, 34
9506, 34
9507, 34
9508, 34
9509, 34
9510, 34
9511, 35
9512, 34
9513, 34
9514, 34
9515, 34
9516, 36
9517, 36
9518, 35
9519, 35
9520, 35
9521, 35
9522, 36
9523, 36
9524, 36
9525, 35
9526, 35
9527, 35
9528, 35
9529, 35
9530, 36
9531, 35
9532, 35
9533, 35
9534, 34
9535, 36
9536, 36
9537, 36
9538, 35
9539, 36
9540, 36
9541, 36
9542, 36
9543, 36
9544, 37
9545, 37
9546, 36
9547, 36
9548, 36
9549, 36
9550, 36
9551, 36
9552, 36
9553, 35
9554, 35
9555, 35
9556, 35
9557, 35
9558, 35
9559, 35
9560, 35
9561, 35
9562, 35
9563, 35
9564, 35
9565, 34
9566, 34
9567, 34
9568, 33
9569, 33
9570, 33
9571, 33
9572, 32
9573, 31
9574, 31
9575, 31
9576, 31
9577, 31
9578, 30
9579, 29
9580, 29
9581, 29
9582, 29
9583, 30
9584, 29
9585, 30
9586, 30
9587, 31
9588, 31
9589, 30
9590, 30
9591, 30
9592, 30
9593, 32
9594, 32
9595, 31
9596, 31
9597, 30
9598, 30
9599, 29
9600, 29
9601, 29
9602, 29
9603, 29
9604, 29
9605, 28
9606, 27
9607, 27
9608, 26
9609, 26
9610, 25
9611, 26
9612, 27
9613, 27
9614, 29
9615, 29
9616, 29
9617, 29
9618, 28
9619, 28
9620, 29
9621, 31
9622, 31
9623, 31
9624, 30
9625, 30
9626, 29
9627, 30
9628, 31
9629, 31
9630, 31
9631, 31
9632, 32
9633, 33
9634, 33
9635, 35
9636, 35
9637, 35
9638, 34
9639, 33
9640, 33
9641, 33
9642, 32
9643, 32
9644, 31
9645, 31
9646, 31
9647, 31
9648, 30
9649, 31
9650, 30
9651, 30
9652, 30
9653, 31
9654, 31
9655, 31
9656, 31
9657, 31
9658, 31
9659, 31
9660, 31
9661, 31
9662, 31
9663, 31
9664, 31
9665, 31
9666, 31
9667, 33
9668, 33
9669, 33
9670, 34
9671, 34
9672, 34
9673, 34
9674, 34
9675, 33
9676, 32
9677, 31
9678, 32
9679, 32
9680, 32
9681, 33
9682, 33
9683, 33
9684, 33
9685, 32
9686, 32
9687, 32
9688, 32
9689, 33
9690, 33
9691, 33
9692, 32
9693, 32
9694, 32
9695, 31
9696, 31
9697, 32
9698, 34
9699, 33
9700, 33
9701, 34
9702, 33
9703, 33
9704, 33
9705, 33
9706, 33
9707, 32
9708, 32
9709, 32
9710, 32
9711, 31
9712, 31
9713, 32
9714, 33
9715, 33
9716, 33
9717, 33
9718, 34
9719, 34
9720, 34
9721, 34
9722, 34
9723, 33
9724, 33
9725, 33
9726, 33
9727, 33
9728, 32
9729, 31
9730, 30
9731, 30
9732, 30
9733, 32
9734, 32
9735, 33
9736, 32
9737, 32
9738, 32
9739, 32
9740, 32
9741, 32
9742, 32
9743, 32
9744, 32
9745, 32
9746, 33
9747, 33
9748, 34
9749, 34
9750, 34
9751, 34
9752, 34
9753, 34
9754, 33
9755, 33
9756, 32
9757, 32
9758, 32
9759, 34
9760, 34
9761, 34
9762, 34
9763, 33
9764, 34
9765, 33
9766, 34
9767, 34
9768, 34
9769, 34
9770, 34
9771, 34
9772, 34
9773, 34
9774, 34
9775, 34
9776, 35
9777, 36
9778, 36
9779, 36
9780, 36
9781, 37
9782, 37
9783, 36
9784, 37
9785, 38
9786, 38
9787, 38
9788, 38
9789, 38
9790, 39
9791, 39
9792, 38
9793, 37
9794, 37
9795, 37
9796, 37
9797, 37
9798, 36
9799, 37
9800, 37
9801, 37
9802, 36
9803, 36
9804, 35
9805, 34
9806, 33
9807, 34
9808, 34
9809, 34
9810, 34
9811, 33
9812, 33
9813, 35
9814, 35
9815, 35
9816, 35
9817, 35
9818, 35
9819, 35
9820, 35
9821, 35
9822, 35
9823, 35
9824, 35
9825, 35
9826, 35
9827, 35
9828, 35
9829, 34
9830, 34
9831, 34
9832, 34
9833, 34
9834, 33
9835, 34
9836, 33
9837, 32
9838, 32
9839, 31
9840, 32
9841, 32
9842, 33
9843, 33
9844, 33
9845, 33
9846, 33
9847, 32
9848, 32
9849, 32
9850, 32
9851, 32
9852, 31
9853, 32
9854, 32
9855, 31
9856, 31
9857, 31
9858, 32
9859, 31
9860, 31
9861, 33
9862, 33
9863, 33
9864, 33
9865, 33
9866, 33
9867, 33
9868, 34
9869, 34
9870, 33
9871, 33
9872, 33
9873, 32
9874, 33
9875, 32
9876, 32
9877, 32
9878, 32
9879, 32
9880, 31
9881, 31
9882, 30
9883, 30
9884, 31
9885, 31
9886, 31
9887, 30
9888, 30
9889, 31
9890, 31
9891, 31
9892, 31
9893, 31
9894, 31
9895, 31
9896, 30
9897, 29
9898, 29
9899, 29
9900, 28
9901, 28
9902, 28
9903, 28
9904, 28
9905, 28
9906, 28
9907, 29
9908, 31
9909, 30
9910, 30
9911, 29
9912, 29
9913, 31
9914, 31
9915, 31
9916, 31
9917, 31
9918, 31
9919, 30
9920, 30
9921, 30
9922, 31
9923, 31
9924, 31
9925, 31
9926, 30
9927, 31
9928, 31
9929, 31
9930, 31
9931, 31
9932, 31
9933, 30
9934, 30
9935, 30
9936, 30
9937, 30
9938, 30
9939, 29
9940, 31
9941, 31
9942, 31
9943, 32
9944, 32
9945, 31
9946, 31
9947, 31
9948, 32
9949, 32
9950, 32
9951, 32
9952, 32
9953, 31
9954, 32
9955, 32
9956, 32
9957, 32
9958, 32
9959, 32
9960, 31
9961, 31
9962, 30
9963, 30
9964, 31
9965, 30
9966, 30
9967, 31
9968, 31
9969, 30
9970, 30
9971, 30
9972, 29
9973, 28
9974, 29
9975, 29
9976, 29
9977, 29
9978, 30
9979, 29
9980, 30
9981, 30
9982, 30
9983, 30
9984, 30
9985, 29
9986, 29
9987, 29
9988, 29
9989, 29
9990, 29
9991, 29
9992, 29
9993, 29
9994, 29
9995, 29
9996, 30
9997, 30
9998, 30
9999, 30
